"player","pos","age","team","games_played","games_started","min","fg","fga","fg_perc","threes_made","threes_att","threes_perc","twos_made","twos_att","twos_perc","efg_perc","ft","fta","ft_perc","o_reb","d_reb","tot_reb","ast","stl","blk","tover","fouls","pts","year","height","weight","college","yr_start","yr_retire","rookie","miss","eff","prim_pos","pos_num","year_exp"
"Antonio Lang","PF",24,"CLE",64,1,13.2,1.1,2.5,0.42,0,0.1,0,1.1,2.4,0.436,0.42,0.5,0.8,0.729,0.8,1.2,2,0.5,0.5,0.5,0.8,1.7,2.7,1996,80,205,"Duke",1995,2000,"Not Rookie",1.4,4,"PF",4,1
"Bobby Hurley","PG",25,"SAC",49,12,12.9,0.9,2.6,0.368,0.3,0.9,0.311,0.7,1.6,0.4,0.424,0.8,1.1,0.698,0.2,0.6,0.8,3,0.6,0.1,1.1,1.1,2.9,1996,72,165,"Duke",1994,1998,"Not Rookie",1.7,4.6,"PG",1,2
"Cherokee Parks","PF",24,"MIN",76,0,12.6,1.4,2.7,0.51,0,0,0,1.4,2.6,0.512,0.51,0.6,1,0.605,1.1,1.5,2.6,0.4,0.5,0.6,0.4,2,3.3,1996,83,235,"Duke",1996,2004,"Rookie",1.3,5.7,"PF",4,0
"Christian Laettner","PF",27,"ATL",82,82,38.3,6.7,13.8,0.486,0.4,1.1,0.352,6.3,12.7,0.497,0.5,4.4,5.4,0.816,2.6,6.2,8.8,2.7,1.2,0.8,2.7,3.4,18.1,1996,83,235,"Duke",1993,2005,"Not Rookie",7.1,21.8,"PF",4,3
"Danny Ferry","PF",30,"CLE",82,48,32.1,4.2,9.7,0.429,1.4,3.5,0.401,2.8,6.2,0.445,0.501,0.9,1.1,0.851,1,3.1,4.1,1.8,0.7,0.4,1.1,3,10.6,1996,82,230,"Duke",1991,2003,"Not Rookie",5.5,11,"PF",4,5
"Grant Hill","SF",24,"DET",80,80,39.3,7.8,15.7,0.496,0.1,0.4,0.303,7.7,15.3,0.502,0.5,5.6,7.9,0.711,1.5,7.5,9,7.3,1.8,0.6,3.2,2.3,21.4,1996,80,225,"Duke",1995,2013,"Not Rookie",7.9,29,"SF",3,1
"Antonio Lang","SF",25,"MIA",6,0,4.8,0.5,0.8,0.6,0,0,0,0.5,0.8,0.6,0.6,1,1.3,0.75,0.3,0.5,0.8,0.2,0.3,0,0.7,0.5,2,1997,80,205,"Duke",1995,2000,"Not Rookie",0.3,2.3,"SF",3,2
"Bobby Hurley","PG",26,"TOT",61,3,14.3,1.5,3.9,0.391,0.1,0.4,0.227,1.4,3.5,0.407,0.401,1,1.2,0.776,0.2,0.9,1.1,2.9,0.4,0,1.4,1.3,4.1,1997,72,165,"Duke",1994,1998,"Not Rookie",2.4,4.7,"PG",1,3
"Cherokee Parks","C",25,"MIN",79,43,21.6,2.8,5.7,0.499,0,0,0,2.8,5.7,0.5,0.499,1.4,2.1,0.651,1.8,3.8,5.5,0.7,0.5,1.1,0.8,3,7.1,1997,83,235,"Duke",1996,2004,"Not Rookie",2.9,11.2,"C",5,1
"Christian Laettner","PF",28,"ATL",74,49,30.8,4.8,9.9,0.485,0.1,0.4,0.222,4.7,9.5,0.495,0.489,4.1,4.8,0.864,1.9,4.7,6.6,2.6,1,1,2.5,3.3,13.8,1997,83,235,"Duke",1993,2005,"Not Rookie",5.1,17.4,"PF",4,4
"Danny Ferry","PF",31,"CLE",69,3,15,1.6,4.1,0.395,0.5,1.4,0.333,1.2,2.7,0.428,0.453,0.5,0.6,0.8,0.3,1.3,1.7,0.9,0.4,0.2,0.8,1.7,4.2,1997,82,230,"Duke",1991,2003,"Not Rookie",2.5,4.1,"PF",4,6
"Grant Hill","SF",25,"DET",81,81,40.7,7.6,16.8,0.452,0,0.3,0.143,7.6,16.5,0.457,0.453,5.9,8,0.74,1.1,6.5,7.7,6.8,1.8,0.7,3.5,2.4,21.1,1997,80,225,"Duke",1995,2013,"Not Rookie",9.2,25.4,"SF",3,2
"Antonio Lang","PF",26,"CLE",10,0,6.5,0.4,0.6,0.667,0,0,0,0.4,0.6,0.667,0.667,0.5,0.9,0.556,0.6,1,1.6,0.1,0.2,0.1,0.4,1.3,1.3,1998,80,205,"Duke",1995,2000,"Not Rookie",0.2,2.7,"PF",4,3
"Cherokee Parks","C",26,"MEM",48,41,23.3,2.5,5.7,0.429,0,0,0,2.5,5.7,0.431,0.429,0.6,1.1,0.545,1.6,3.5,5.1,0.8,0.6,0.6,1,2.4,5.5,1998,83,235,"Duke",1996,2004,"Not Rookie",3.2,8.4,"C",5,2
"Christian Laettner","PF",29,"DET",16,0,21.1,2.4,6.6,0.358,0.1,0.2,0.333,2.3,6.4,0.359,0.363,2.8,3.6,0.772,1.3,2.1,3.4,1.5,0.9,0.8,1.2,1.9,7.6,1998,83,235,"Duke",1993,2005,"Not Rookie",4.2,8.8,"PF",4,5
"Danny Ferry","PF",32,"CLE",50,10,21.2,2.8,5.9,0.476,0.8,1.9,0.392,2.1,4,0.518,0.541,0.6,0.7,0.879,0.3,1.7,2,1.1,0.5,0.2,0.8,2.3,7,1998,82,230,"Duke",1991,2003,"Not Rookie",3.1,6.9,"PF",4,7
"Grant Hill","SF",26,"DET",50,50,37,7.7,16,0.479,0,0.3,0,7.7,15.8,0.487,0.479,5.7,7.6,0.752,1.3,5.8,7.1,6,1.6,0.5,3.7,2.3,21.1,1998,80,225,"Duke",1995,2013,"Not Rookie",8.3,24.3,"SF",3,3
"Antonio Lang","SF",27,"TOT",10,0,3.8,0.1,0.6,0.167,0,0,0,0.1,0.6,0.167,0.167,0.4,0.5,0.8,0,0.5,0.5,0.2,0.4,0.1,0.2,0.8,0.6,1999,80,205,"Duke",1995,2000,"Not Rookie",0.5,1.1,"SF",3,4
"Cherokee Parks","C",27,"MEM",56,14,14.4,1.3,2.6,0.497,0,0,0,1.3,2.6,0.5,0.497,0.4,0.7,0.649,1,2.3,3.3,0.6,0.5,0.8,0.5,2.1,3,1999,83,235,"Duke",1996,2004,"Not Rookie",1.3,6.4,"C",5,3
"Christian Laettner","C",30,"DET",82,82,29.8,4.6,9.8,0.473,0.1,0.3,0.292,4.5,9.5,0.479,0.478,2.9,3.6,0.812,2.1,4.6,6.7,2.3,1,0.5,2.3,4,12.2,1999,83,235,"Duke",1993,2005,"Not Rookie",5.2,15.2,"C",5,6
"Corey Maggette","SF",20,"ORL",77,5,17.8,2.9,6.1,0.478,0,0.1,0.182,2.9,5.9,0.485,0.48,2.5,3.4,0.751,1.6,2.3,3.9,0.8,0.3,0.3,1.8,2.2,8.4,1999,78,218,"Duke",2000,2013,"Not Rookie",3.2,8.7,"SF",3,-1
"Danny Ferry","PF",33,"CLE",63,3,21,3,6,0.497,0.5,1.2,0.44,2.5,4.8,0.511,0.541,0.8,0.9,0.912,0.9,2.9,3.8,1.1,0.3,0.4,0.9,2.9,7.3,1999,82,230,"Duke",1991,2003,"Not Rookie",3,9,"PF",4,8
"Elton Brand","PF",20,"CHI",81,80,37,7.8,16.1,0.482,0,0,0,7.8,16.1,0.483,0.482,4.5,6.6,0.685,4.3,5.7,10,1.9,0.8,1.6,2.8,3.2,20.1,1999,80,275,"Duke",2000,2016,"Not Rookie",8.3,23.3,"PF",4,-1
"Grant Hill","SF",27,"DET",74,74,37.5,9.4,19.2,0.489,0.5,1.3,0.347,8.9,17.9,0.5,0.501,6.5,8.2,0.795,1.3,5.3,6.6,5.2,1.4,0.6,3.2,2.6,25.8,1999,80,225,"Duke",1995,2013,"Not Rookie",9.8,26.6,"SF",3,4
"Trajan Langdon","SG",23,"CLE",10,0,14.5,1.5,4,0.375,0.8,1.9,0.421,0.7,2.1,0.333,0.475,1.1,1.1,1,0.4,1.1,1.5,1.1,0.5,0,0.6,1.6,4.9,1999,75,197,"Duke",2000,2002,"Not Rookie",2.5,4.9,"SG",2,-1
"William Avery","PG",20,"MIN",59,1,8.2,0.9,3.1,0.309,0.3,1.1,0.286,0.6,2,0.322,0.359,0.4,0.6,0.667,0.1,0.5,0.7,1.5,0.2,0,0.7,1,2.6,1999,74,197,"Duke",2000,2002,"Not Rookie",2.2,2.1,"PG",1,-1
"Cherokee Parks","C",28,"TOT",65,31,16.2,2.1,4.2,0.489,0,0.1,0,2.1,4.1,0.5,0.489,0.5,0.7,0.705,1.1,2.4,3.5,0.7,0.4,0.6,0.6,1.9,4.6,2000,83,235,"Duke",1996,2004,"Not Rookie",2.1,7.1,"C",5,4
"Christian Laettner","C-PF",31,"TOT",78,48,21.3,3.6,7.1,0.503,0.1,0.2,0.308,3.5,6.9,0.507,0.506,2.2,2.6,0.833,1.5,3.2,4.7,1.6,0.9,0.6,1.8,3.1,9.3,2000,83,235,"Duke",1993,2005,"Not Rookie",3.5,11.8,"C",5,7
"Corey Maggette","SF",21,"LAC",69,9,19.7,3.3,7.1,0.462,0.2,0.8,0.304,3,6.2,0.483,0.479,3.2,4.2,0.774,1.3,2.9,4.2,1.2,0.5,0.1,1.5,2,10,2000,78,218,"Duke",2000,2013,"Rookie",3.8,10.7,"SF",3,0
"Danny Ferry","SF",34,"SAS",80,29,21.1,2.2,4.7,0.475,0.9,2,0.449,1.4,2.7,0.493,0.568,0.3,0.4,0.733,0.7,2.1,2.8,0.9,0.4,0.3,0.6,2.1,5.6,2000,82,230,"Duke",1991,2003,"Not Rookie",2.5,6.9,"SF",3,9
"Elton Brand","PF",21,"CHI",74,74,39.3,7.8,16.4,0.476,0,0,0,7.8,16.4,0.477,0.476,4.5,6.4,0.708,3.9,6.2,10.1,3.2,1,1.6,3,3.3,20.1,2000,80,275,"Duke",2000,2016,"Rookie",8.6,24.4,"PF",4,0
"Grant Hill","SF",28,"ORL",4,4,33.3,4.8,10.8,0.442,0.3,0.3,1,4.5,10.5,0.429,0.453,4,6.5,0.615,2,4.3,6.3,6.3,1.3,0.5,2.8,2.3,13.8,2000,80,225,"Duke",1995,2013,"Not Rookie",6,19.4,"SF",3,5
"Trajan Langdon","SG",24,"CLE",65,5,17.2,2.1,4.8,0.431,0.8,1.9,0.411,1.3,2.9,0.444,0.513,1,1.2,0.895,0.2,1.2,1.4,1.2,0.6,0.1,0.8,1.8,6,2000,75,197,"Duke",2000,2002,"Rookie",2.7,5.8,"SG",2,0
"William Avery","PG",21,"MIN",55,0,8.4,1,2.6,0.382,0.3,1.1,0.271,0.7,1.5,0.459,0.438,0.5,0.7,0.778,0.1,0.4,0.5,1.4,0.2,0.1,0.8,0.9,2.8,2000,74,197,"Duke",2000,2002,"Rookie",1.6,2.6,"PG",1,0
"Cherokee Parks","C",29,"SAS",42,1,5.6,0.7,2,0.361,0,0,0,0.7,2,0.361,0.361,0.1,0.2,0.375,0.6,0.8,1.4,0.2,0.2,0.2,0.3,0.8,1.5,2001,83,235,"Duke",1996,2004,"Not Rookie",1.3,1.9,"C",5,5
"Christian Laettner","PF",32,"WAS",57,48,25.3,2.9,6.4,0.464,0,0.2,0.2,2.9,6.2,0.472,0.467,1.2,1.3,0.868,1.3,4,5.3,2.6,1.1,0.4,1.5,2.3,7.1,2001,83,235,"Duke",1993,2005,"Not Rookie",3.5,11.5,"PF",4,8
"Corey Maggette","SG",22,"LAC",63,52,25.6,3.7,8.4,0.443,0.7,2.2,0.331,3,6.2,0.483,0.487,3.2,4,0.801,0.9,2.8,3.7,1.8,0.7,0.3,1.8,2.5,11.4,2001,78,218,"Duke",2000,2013,"Not Rookie",4.7,11.4,"SG",2,1
"Danny Ferry","SF",35,"SAS",50,2,16,1.5,3.5,0.429,0.9,2,0.434,0.7,1.6,0.423,0.551,0.7,0.7,0.944,0.3,1.5,1.8,1,0.3,0.2,0.4,1.4,4.6,2001,82,230,"Duke",1991,2003,"Not Rookie",2,5.5,"SF",3,10
"Elton Brand","PF",22,"LAC",80,80,37.8,6.7,12.6,0.527,0,0,0,6.7,12.6,0.527,0.527,4.9,6.6,0.742,5,6.6,11.6,2.4,1,2,2.2,3.2,18.2,2001,80,275,"Duke",2000,2016,"Not Rookie",5.9,27.1,"PF",4,1
"Grant Hill","SF",29,"ORL",14,14,36.6,5.9,13.9,0.426,0,0.1,0,5.9,13.8,0.43,0.426,4.9,5.7,0.863,2.1,6.9,8.9,4.6,0.6,0.3,2.6,2.9,16.8,2001,80,225,"Duke",1995,2013,"Not Rookie",8,20.6,"SF",3,6
"Shane Battier","SF",23,"MEM",78,78,39.7,5.3,12.3,0.429,1.3,3.5,0.373,4,8.8,0.451,0.482,2.5,3.6,0.7,2.3,3.1,5.4,2.8,1.6,1,2,2.8,14.4,2001,80,220,"Duke",2002,2014,"Not Rookie",7,16.2,"SF",3,-1
"Trajan Langdon","SG",25,"CLE",44,0,10.8,1.6,4,0.398,0.6,1.7,0.365,1,2.3,0.422,0.474,1,1,0.913,0.3,1,1.3,1.4,0.3,0.1,0.9,1.1,4.8,2001,75,197,"Duke",2000,2002,"Not Rookie",2.4,4.6,"SG",2,1
"William Avery","PG",22,"MIN",28,0,9.2,0.9,3.2,0.289,0.2,1.3,0.171,0.7,2,0.364,0.322,0.5,0.7,0.684,0.1,0.7,0.9,1.3,0.3,0,0.7,0.6,2.5,2001,74,197,"Duke",2000,2002,"Not Rookie",2.3,2,"PG",1,1
"Carlos Boozer","PF",21,"CLE",81,54,25.3,4.1,7.6,0.536,0,0,0,4.1,7.6,0.536,0.536,1.8,2.4,0.771,2.5,5,7.5,1.3,0.7,0.6,1.3,2.8,10,2002,81,258,"Duke",2003,2015,"Not Rookie",3.5,15.3,"PF",4,-1
"Cherokee Parks","PF",30,"LAC",30,18,21.6,2.7,5.4,0.503,0,0.1,0.5,2.7,5.4,0.503,0.506,0.8,1.3,0.605,1.5,2.9,4.4,0.7,0.5,0.7,0.6,1.7,6.3,2002,83,235,"Duke",1996,2004,"Not Rookie",2.7,9.3,"PF",4,6
"Christian Laettner","PF",33,"WAS",76,66,29.1,3.4,6.8,0.494,0,0.2,0.125,3.3,6.6,0.506,0.496,1.6,1.9,0.833,1.5,5.1,6.6,3.1,1.1,0.5,1.1,2.7,8.3,2002,83,235,"Duke",1993,2005,"Not Rookie",3.4,15.1,"PF",4,9
"Corey Maggette","SG",23,"LAC",64,57,31.3,5.4,12.1,0.444,1,2.8,0.35,4.4,9.3,0.471,0.484,5.1,6.3,0.802,1.2,3.8,5,1.9,0.9,0.3,2.3,3,16.8,2002,78,218,"Duke",2000,2013,"Not Rookie",6.7,15.9,"SG",2,2
"Danny Ferry","SF",36,"SAS",64,1,9.4,0.7,1.9,0.355,0.3,0.9,0.35,0.4,1,0.359,0.44,0.2,0.2,0.769,0.3,0.9,1.2,0.3,0.1,0.1,0.4,0.9,1.9,2002,82,230,"Duke",1991,2003,"Not Rookie",1.2,2,"SF",3,11
"Elton Brand","PF",23,"LAC",62,61,39.6,7.3,14.5,0.502,0,0,0,7.3,14.5,0.502,0.502,3.9,5.7,0.685,4.6,6.8,11.3,2.5,1.1,2.5,2.6,3.3,18.5,2002,80,275,"Duke",2000,2016,"Not Rookie",7.2,26.1,"PF",4,2
"Grant Hill","SF",30,"ORL",29,29,29.1,5.2,10.6,0.492,0,0.1,0.25,5.2,10.4,0.495,0.493,4.1,5,0.819,1.4,5.7,7.1,4.2,1,0.4,2.9,1.6,14.5,2002,80,225,"Duke",1995,2013,"Not Rookie",5.4,18.9,"SF",3,7
"Jay Williams","PG",21,"CHI",75,54,26.1,3.6,9.1,0.399,0.9,2.7,0.322,2.8,6.4,0.431,0.446,1.4,2.1,0.64,0.4,2.2,2.6,4.7,1.1,0.2,2.3,2.4,9.5,2002,74,195,"Duke",2003,2003,"Not Rookie",5.5,10.3,"PG",1,-1
"Shane Battier","SF",24,"MEM",78,47,30.6,3.5,7.3,0.483,1.1,2.8,0.398,2.4,4.5,0.535,0.559,1.5,1.9,0.828,1.6,2.8,4.4,1.3,1.3,1.1,0.9,2.7,9.7,2002,80,220,"Duke",2002,2014,"Rookie",3.8,13.1,"SF",3,0
"Carlos Boozer","PF",22,"CLE",75,75,34.6,6.3,12,0.523,0,0.1,0.167,6.3,11.9,0.526,0.524,2.9,3.8,0.768,3.1,8.4,11.4,2,1,0.7,1.8,2.7,15.5,2003,81,258,"Duke",2003,2015,"Rookie",5.7,23.1,"PF",4,0
"Cherokee Parks","C",31,"GSW",12,0,5.3,0.3,0.8,0.4,0,0,0,0.3,0.8,0.4,0.4,0.3,0.5,0.667,0.3,0.5,0.8,0.1,0,0.3,0.2,0.6,1,2003,83,235,"Duke",1996,2004,"Not Rookie",0.5,1.5,"C",5,7
"Christian Laettner","PF",34,"WAS",48,18,20.5,2.5,5.3,0.465,0.1,0.4,0.286,2.4,4.9,0.481,0.477,0.8,1,0.8,1,3.8,4.8,1.9,0.8,0.6,0.9,2.1,5.9,2003,83,235,"Duke",1993,2005,"Not Rookie",2.8,10.3,"PF",4,10
"Corey Maggette","SF",24,"LAC",73,72,36,6.2,13.9,0.447,1,3.2,0.329,5.2,10.7,0.482,0.485,7.2,8.5,0.848,1.3,4.6,5.9,3.1,0.9,0.2,2.8,3,20.7,2003,78,218,"Duke",2000,2013,"Not Rookie",7.7,20.3,"SF",3,3
"Elton Brand","PF",24,"LAC",69,68,38.7,7,14.2,0.493,0,0,0,7,14.2,0.493,0.493,6,7.7,0.773,3.9,6.4,10.3,3.3,0.9,2.2,2.8,3.3,20,2003,80,275,"Duke",2000,2016,"Not Rookie",7.2,26.7,"PF",4,3
"Shane Battier","SF",25,"MEM",79,1,24.6,3.1,6.9,0.446,0.8,2.4,0.349,2.2,4.5,0.496,0.506,1.5,2.1,0.732,1.3,2.5,3.8,1.3,1.3,0.7,0.7,2.4,8.5,2003,80,220,"Duke",2002,2014,"Not Rookie",3.8,11.1,"SF",3,1
"Carlos Boozer","PF",23,"UTA",51,51,34.7,7.1,13.6,0.521,0,0,0,7.1,13.6,0.522,0.521,3.7,5.3,0.698,2.8,6.2,9,2.8,0.8,0.5,2.7,3.5,17.8,2004,81,258,"Duke",2003,2015,"Not Rookie",6.5,21.7,"PF",4,1
"Chris Duhon","PG",22,"CHI",82,73,26.5,2.1,6,0.352,1.1,3.2,0.355,1,2.7,0.35,0.449,0.6,0.8,0.731,0.3,2.3,2.6,4.9,1,0,1.5,2.5,5.9,2004,73,185,"Duke",2005,2013,"Not Rookie",3.9,9,"PG",1,-1
"Christian Laettner","PF",35,"MIA",49,0,15.1,2.2,3.8,0.582,0,0.1,0.143,2.2,3.6,0.599,0.584,0.9,1.2,0.763,0.7,1.9,2.7,0.8,0.7,0.3,0.6,1.6,5.3,2004,83,235,"Duke",1993,2005,"Not Rookie",1.6,7.6,"PF",4,11
"Corey Maggette","SG",25,"LAC",66,60,36.9,6.4,14.9,0.431,0.8,2.5,0.304,5.7,12.4,0.457,0.457,8.5,10,0.857,1.1,4.9,6,3.4,1.1,0.1,3,2.9,22.2,2004,78,218,"Duke",2000,2013,"Not Rookie",8.5,21.3,"SG",2,4
"Elton Brand","PF",25,"LAC",81,81,37,7.8,15.4,0.503,0,0,0,7.8,15.4,0.504,0.503,4.5,6,0.752,3.7,5.9,9.5,2.6,0.8,2.1,2.3,3,20,2004,80,275,"Duke",2000,2016,"Not Rookie",7.6,25.1,"PF",4,4
"Grant Hill","SF",32,"ORL",67,67,34.9,7.7,15.1,0.509,0,0.2,0.231,7.7,15,0.513,0.511,4.2,5.1,0.821,1.1,3.6,4.7,3.3,1.4,0.4,2.4,2.1,19.7,2004,80,225,"Duke",1995,2013,"Not Rookie",7.4,19.7,"SF",3,9
"Shane Battier","SG",26,"MEM",80,72,31.5,3.4,7.7,0.442,0.9,2.2,0.395,2.5,5.5,0.461,0.499,2.3,2.9,0.789,2,3.2,5.2,1.6,1.1,1,0.9,2.5,9.9,2004,80,220,"Duke",2002,2014,"Not Rookie",4.3,13.6,"SG",2,2
"Carlos Boozer","PF",24,"UTA",33,19,31.1,6.6,12.1,0.549,0,0,0,6.6,12.1,0.549,0.549,3,4.2,0.723,2.2,6.4,8.6,2.7,0.9,0.2,2.1,3.2,16.3,2005,81,258,"Duke",2003,2015,"Not Rookie",5.5,21.1,"PF",4,2
"Chris Duhon","PG",23,"CHI",74,38,29.1,2.9,7.3,0.4,1.4,3.8,0.36,1.6,3.5,0.442,0.493,1.6,1.9,0.818,0.4,2.6,3,5,0.9,0,1.6,2.1,8.7,2005,73,185,"Duke",2005,2013,"Rookie",4.4,11.6,"PG",1,0
"Corey Maggette","SF",26,"LAC",32,13,29.5,5.2,11.7,0.445,0.8,2.2,0.338,4.5,9.5,0.47,0.477,6.6,8,0.828,0.9,4.4,5.3,2.1,0.6,0.1,2.4,3,17.8,2005,78,218,"Duke",2000,2013,"Not Rookie",6.5,17,"SF",3,5
"Daniel Ewing","SG",22,"LAC",66,5,14.7,1.5,3.9,0.38,0.3,1.2,0.282,1.1,2.7,0.424,0.424,0.5,0.7,0.783,0.3,0.9,1.3,1.3,0.6,0.1,0.9,1.3,3.8,2005,75,185,"Duke",2006,2007,"Not Rookie",2.4,3.8,"SG",2,-1
"Elton Brand","PF",26,"LAC",79,79,39.2,9.6,18.2,0.527,0,0,0.333,9.6,18.1,0.527,0.527,5.6,7.2,0.775,3,7,10,2.6,1,2.5,2.2,2.9,24.7,2005,80,275,"Duke",2000,2016,"Not Rookie",8.6,30,"PF",4,5
"Grant Hill","SF",33,"ORL",21,17,29.2,5.7,11.6,0.49,0.1,0.4,0.25,5.6,11.2,0.498,0.494,3.7,4.9,0.765,0.7,3.1,3.8,2.3,1.1,0.3,1.7,2.4,15.1,2005,80,225,"Duke",1995,2013,"Not Rookie",5.9,15,"SF",3,10
"Shane Battier","SF",27,"MEM",81,81,35,3.7,7.7,0.488,0.8,2,0.394,2.9,5.6,0.522,0.54,1.8,2.6,0.707,2,3.3,5.3,1.7,1.1,1.4,1.1,2.8,10.1,2005,80,220,"Duke",2002,2014,"Not Rookie",4,14.5,"SF",3,3
"Shavlik Randolph","PF",22,"PHI",57,1,8.5,0.8,1.7,0.454,0,0,0,0.8,1.7,0.454,0.454,0.8,1.2,0.606,1,1.4,2.3,0.3,0.3,0.2,0.4,1.5,2.3,2005,82,240,"Duke",2006,2015,"Not Rookie",0.9,4.1,"PF",4,-1
"Carlos Boozer","PF",25,"UTA",74,74,34.6,8.7,15.6,0.561,0,0,0,8.7,15.6,0.561,0.561,3.4,5,0.685,3.2,8.5,11.7,3,0.9,0.3,2.6,2.9,20.9,2006,81,258,"Duke",2003,2015,"Not Rookie",6.9,27.3,"PF",4,3
"Chris Duhon","PG",24,"CHI",78,30,24.4,2.5,6.2,0.408,1.1,3.1,0.359,1.4,3.1,0.458,0.499,1,1.3,0.752,0.3,1.9,2.2,4,0.9,0.1,1.3,1.9,7.2,2006,73,185,"Duke",2005,2013,"Not Rookie",3.7,9.4,"PG",1,1
"Corey Maggette","SF",27,"LAC",75,31,30.5,4.9,10.8,0.454,0.2,0.9,0.2,4.7,9.9,0.476,0.462,6.9,8.4,0.82,1.2,4.7,5.9,2.8,0.9,0.2,2.7,3.3,16.9,2006,78,218,"Duke",2000,2013,"Not Rookie",5.9,18.1,"SF",3,6
"Daniel Ewing","PG",23,"LAC",61,3,11.7,1.1,2.6,0.404,0.2,0.7,0.318,0.8,1.9,0.436,0.447,0.6,0.7,0.778,0.1,1,1.2,1.5,0.5,0.1,0.8,1,2.9,2006,75,185,"Duke",2006,2007,"Rookie",1.5,3.9,"PG",1,0
"Elton Brand","PF",27,"LAC",80,80,38.5,8.1,15.1,0.533,0,0,1,8.1,15.1,0.532,0.533,4.4,5.8,0.761,3.4,6,9.3,2.9,1,2.2,2.5,3,20.5,2006,80,275,"Duke",2000,2016,"Not Rookie",7,26.4,"PF",4,6
"Grant Hill","SG",34,"ORL",65,64,30.9,5.3,10.2,0.518,0,0.2,0.167,5.2,10,0.525,0.52,3.8,5,0.765,0.8,2.8,3.6,2.1,0.9,0.4,2.2,2.2,14.4,2006,80,225,"Duke",1995,2013,"Not Rookie",4.9,14.3,"SG",2,11
"Shane Battier","SF",28,"HOU",82,82,36.4,3.6,8,0.446,1.9,4.5,0.421,1.6,3.4,0.48,0.567,1.1,1.4,0.779,0.8,3.3,4.1,2.1,1,0.7,0.9,2.3,10.1,2006,80,220,"Duke",2002,2014,"Not Rookie",4.4,12.7,"SF",3,4
"Shavlik Randolph","PF",23,"PHI",13,6,13.8,1.8,3.7,0.479,0,0,0,1.8,3.7,0.479,0.479,0.9,1.7,0.545,1.5,2.7,4.2,0.3,0.5,0.8,0.7,1.8,4.5,2006,82,240,"Duke",2006,2015,"Rookie",1.9,7.7,"PF",4,0
"Shelden Williams","PF",23,"ATL",81,31,18.7,2,4.5,0.455,0,0,0.5,2,4.5,0.454,0.458,1.4,1.8,0.764,1.6,3.8,5.4,0.5,0.6,0.5,1.2,2.5,5.5,2006,81,250,"Duke",2007,2012,"Not Rookie",2.5,8.8,"PF",4,-1
"Carlos Boozer","PF",26,"UTA",81,81,34.9,8.8,16,0.547,0,0,0,8.8,16,0.547,0.547,3.6,4.9,0.738,2.4,8,10.4,2.9,1.2,0.5,2.6,3.6,21.1,2007,81,258,"Duke",2003,2015,"Not Rookie",7.2,26.3,"PF",4,4
"Chris Duhon","PG",25,"CHI",66,18,22.6,2,5.2,0.387,0.8,2.3,0.348,1.2,2.9,0.418,0.465,1,1.2,0.813,0.3,1.5,1.8,4,0.7,0,1.1,1.4,5.8,2007,73,185,"Duke",2005,2013,"Not Rookie",3.2,8,"PG",1,2
"Corey Maggette","SF",28,"LAC",70,65,35.7,6.5,14.3,0.458,1.1,2.9,0.384,5.4,11.4,0.477,0.497,7.9,9.7,0.812,1.1,4.5,5.6,2.7,1,0.1,2.8,3,22.1,2007,78,218,"Duke",2000,2013,"Not Rookie",7.8,20.9,"SF",3,7
"Elton Brand","PF",28,"LAC",8,6,34.3,6.5,14.3,0.456,0,0,0,6.5,14.3,0.456,0.456,4.6,5.9,0.787,2.6,5.4,8,2,0.4,1.9,2.1,2.6,17.6,2007,80,275,"Duke",2000,2016,"Not Rookie",7.8,20,"PF",4,7
"Grant Hill","SF",35,"PHO",70,68,31.7,5.1,10.2,0.503,0.5,1.5,0.317,4.6,8.7,0.535,0.526,2.4,2.8,0.867,1.1,4,5,2.9,0.9,0.8,1.4,2.2,13.1,2007,80,225,"Duke",1995,2013,"Not Rookie",5.1,16.2,"SF",3,12
"Shane Battier","SF",29,"HOU",80,78,36.3,3.3,7.7,0.428,1.7,4.6,0.377,1.6,3.1,0.504,0.54,0.9,1.3,0.743,1.6,3.5,5.1,1.9,1,1.1,1,2.5,9.3,2007,80,220,"Duke",2002,2014,"Not Rookie",4.4,13,"SF",3,5
"Shavlik Randolph","PF",24,"PHI",9,0,3,0.4,1.6,0.286,0,0,0,0.4,1.6,0.286,0.286,0,0,0,1,0.2,1.2,0.3,0.1,0.3,0.2,0.6,0.9,2007,82,240,"Duke",2006,2015,"Not Rookie",1.2,1.4,"PF",4,1
"Shelden Williams","PF",24,"TOT",64,0,12.1,1.4,3.3,0.434,0,0,0,1.4,3.3,0.438,0.434,1.1,1.6,0.676,1.1,2.1,3.2,0.3,0.3,0.3,0.5,1.7,4,2007,81,250,"Duke",2007,2012,"Rookie",1.9,5.7,"PF",4,0
"Carlos Boozer","PF",27,"UTA",37,37,32.4,6.8,13.8,0.49,0,0,0,6.8,13.8,0.49,0.49,2.6,3.8,0.698,3,7.4,10.4,2.1,1.1,0.2,2.1,3.6,16.2,2008,81,258,"Duke",2003,2015,"Not Rookie",7,20.9,"PF",4,5
"Chris Duhon","PG",26,"NYK",79,78,36.8,3.6,8.6,0.421,1.6,4.1,0.391,2,4.5,0.449,0.515,2.3,2.6,0.856,0.6,2.5,3.1,7.2,0.9,0.1,2.8,1.6,11.1,2008,73,185,"Duke",2005,2013,"Not Rookie",5,14.6,"PG",1,3
"Corey Maggette","PF",29,"GSW",51,19,31.1,5.7,12.4,0.461,0.5,1.9,0.253,5.3,10.6,0.497,0.479,6.7,8.1,0.824,1,4.6,5.5,1.8,0.9,0.2,2.4,3.8,18.6,2008,78,218,"Duke",2000,2013,"Not Rookie",6.7,17.9,"PF",4,8
"DeMarcus Nelson","PG",23,"GSW",13,5,13.2,1.8,4.2,0.444,0,0.2,0,1.8,3.9,0.471,0.444,0.4,1.1,0.357,0.5,1.4,1.8,1,0.7,0.2,1.2,1.8,4.1,2008,76,200,"Duke",2009,2009,"Not Rookie",2.4,4.2,"PG",1,-1
"Elton Brand","PF",29,"PHI",29,23,31.7,5.6,12.6,0.447,0,0,0,5.6,12.6,0.447,0.447,2.5,3.7,0.676,2.7,6.1,8.8,1.3,0.6,1.6,2.3,2.7,13.8,2008,80,275,"Duke",2000,2016,"Not Rookie",7,16.8,"PF",4,8
"Grant Hill","SF",36,"PHO",82,68,29.8,4.8,9.1,0.523,0.3,0.9,0.316,4.5,8.2,0.547,0.54,2.2,2.7,0.808,0.8,4.2,4.9,2.3,1.1,0.7,1.5,2.2,12,2008,80,225,"Duke",1995,2013,"Not Rookie",4.3,15.2,"SF",3,13
"Shane Battier","SG",30,"HOU",60,59,33.9,2.4,5.9,0.41,1.5,4,0.384,0.9,2,0.462,0.538,0.9,1.1,0.821,0.9,3.9,4.8,2.3,0.8,0.9,0.8,1.9,7.3,2008,80,220,"Duke",2002,2014,"Not Rookie",3.5,11.8,"SG",2,6
"Shavlik Randolph","PF",25,"POR",10,0,3.7,0.8,1.3,0.615,0.1,0.1,1,0.7,1.2,0.583,0.654,0.1,0.4,0.25,1,0.8,1.8,0,0,0.1,0.6,0.4,1.8,2008,82,240,"Duke",2006,2015,"Not Rookie",0.5,2.6,"PF",4,2
"Shelden Williams","PF",25,"TOT",45,0,11.4,1.6,3.5,0.446,0,0,0,1.6,3.4,0.452,0.446,1,1.4,0.73,1.1,2.3,3.4,0.3,0.5,0.4,0.8,1.4,4.1,2008,81,250,"Duke",2007,2012,"Not Rookie",1.9,6,"PF",4,1
"Carlos Boozer","PF",28,"UTA",78,78,34.3,7.9,14.1,0.562,0,0,0,7.9,14.1,0.562,0.562,3.7,4.9,0.742,2.3,8.9,11.2,3.2,1.1,0.5,2.7,3.5,19.5,2009,81,258,"Duke",2003,2015,"Not Rookie",6.2,26.6,"PF",4,6
"Chris Duhon","PG",27,"NYK",67,59,30.9,2.5,6.7,0.373,1.3,3.9,0.349,1.2,2.9,0.404,0.472,1,1.4,0.716,0.4,2.2,2.7,5.6,0.9,0,1.6,1.2,7.4,2009,73,185,"Duke",2005,2013,"Not Rookie",4.2,10.8,"PG",1,4
"Corey Maggette","PF",30,"GSW",70,49,29.7,6.5,12.7,0.516,0.2,0.7,0.26,6.3,11.9,0.531,0.523,6.6,7.9,0.835,1.3,4,5.3,2.5,0.7,0.1,2.4,3.3,19.8,2009,78,218,"Duke",2000,2013,"Not Rookie",6.2,19.8,"PF",4,9
"Elton Brand","PF",30,"PHI",76,57,30.2,5.4,11.3,0.48,0,0,0,5.4,11.3,0.481,0.48,2.3,3.1,0.738,2.4,3.7,6.1,1.4,1.1,1.1,1.7,3.1,13.1,2009,80,275,"Duke",2000,2016,"Not Rookie",5.9,15.2,"PF",4,9
"Grant Hill","SF",37,"PHO",81,81,30,4.1,8.7,0.478,0.4,1,0.438,3.7,7.7,0.483,0.503,2.5,3.1,0.817,0.9,4.6,5.5,2.4,0.7,0.4,1.3,2,11.3,2009,80,225,"Duke",1995,2013,"Not Rookie",4.6,14.4,"SF",3,14
"Shane Battier","SG",31,"HOU",67,62,32.4,2.7,6.7,0.398,1.5,4.2,0.362,1.1,2.5,0.458,0.511,1.1,1.6,0.726,1.1,3.6,4.7,2.4,0.8,1.1,1,2.1,8,2009,80,220,"Duke",2002,2014,"Not Rookie",4,12,"SG",2,7
"Shavlik Randolph","PF",26,"TOT",6,0,8.8,1,3,0.333,0,0,0,1,3,0.333,0.333,0.3,0.3,1,1.2,1.2,2.3,0.2,0.2,0.2,0.5,1.5,2.3,2009,82,240,"Duke",2006,2015,"Not Rookie",2,2.7,"PF",4,3
"Shelden Williams","PF",26,"BOS",54,0,11.1,1.2,2.2,0.521,0,0,0,1.2,2.2,0.525,0.521,1.4,1.8,0.765,0.9,1.8,2.7,0.4,0.2,0.4,0.6,1.6,3.7,2009,81,250,"Duke",2007,2012,"Not Rookie",1,5.8,"PF",4,2
"Carlos Boozer","C",29,"CHI",59,59,31.9,7.3,14.3,0.51,0,0,0,7.3,14.3,0.51,0.51,2.9,4.1,0.701,2.2,7.4,9.6,2.5,0.8,0.3,2.5,3.2,17.5,2010,81,258,"Duke",2003,2015,"Not Rookie",7,21.2,"C",5,7
"Chris Duhon","PG",28,"ORL",51,5,15.2,1,2.5,0.38,0.3,1,0.25,0.7,1.5,0.468,0.43,0.3,0.5,0.56,0.2,0.8,1,2.3,0.3,0,1.2,0.6,2.5,2010,73,185,"Duke",2005,2013,"Not Rookie",1.5,3.4,"PG",1,5
"Corey Maggette","SF",31,"MIL",67,18,20.9,3.8,8.3,0.453,0.4,1.2,0.359,3.4,7.2,0.468,0.478,4,4.9,0.834,0.7,2.9,3.6,1.3,0.3,0.1,1.9,2.6,12,2010,78,218,"Duke",2000,2013,"Not Rookie",4.5,10.9,"SF",3,10
"Elton Brand","PF",31,"PHI",81,81,34.7,6.2,12.1,0.512,0,0,0,6.2,12.1,0.512,0.512,2.6,3.4,0.78,2.9,5.4,8.3,1.5,1.1,1.3,1.2,3,15,2010,80,275,"Duke",2000,2016,"Not Rookie",5.9,20.1,"PF",4,10
"Grant Hill","SF",38,"PHO",80,80,30.1,5,10.3,0.484,0.6,1.4,0.395,4.4,8.9,0.498,0.511,2.7,3.2,0.829,1,3.3,4.2,2.5,0.8,0.4,1.7,2.3,13.2,2010,80,225,"Duke",1995,2013,"Not Rookie",5.3,14.1,"SF",3,15
"Shane Battier","SF",32,"TOT",82,59,29,2.8,6.2,0.45,1.2,3.3,0.382,1.5,3,0.525,0.55,0.8,1.1,0.688,1.1,3.5,4.5,2.3,0.8,1,1,1.9,7.6,2010,80,220,"Duke",2002,2014,"Not Rookie",3.4,11.8,"SF",3,8
"Shelden Williams","PF",27,"TOT",59,38,15.4,1.7,3.7,0.468,0,0,0,1.7,3.7,0.468,0.468,1,1.3,0.773,1.6,3.1,4.6,0.5,0.4,0.4,0.7,2.1,4.5,2010,81,250,"Duke",2007,2012,"Not Rookie",2,7.7,"PF",4,3
"Carlos Boozer","PF",30,"CHI",66,66,29.5,6.8,12.8,0.532,0,0,0,6.8,12.7,0.533,0.532,1.4,2.1,0.693,1.7,6.8,8.5,1.9,1,0.4,1.7,2.5,15,2011,81,258,"Duke",2003,2015,"Not Rookie",6,19.1,"PF",4,8
"Chris Duhon","PG",29,"ORL",63,9,19.5,1.3,3.2,0.419,0.8,1.9,0.42,0.6,1.3,0.417,0.542,0.3,0.3,0.81,0.2,1.4,1.6,2.4,0.6,0.1,1.3,1.1,3.8,2011,73,185,"Duke",2005,2013,"Not Rookie",1.9,5.3,"PG",1,6
"Corey Maggette","SF",32,"CHO",32,28,27.5,4.3,11.7,0.373,0.8,2.1,0.364,3.6,9.6,0.375,0.405,5.6,6.5,0.856,0.7,3.3,3.9,1.2,0.7,0,1.8,2.6,15,2011,78,218,"Duke",2000,2013,"Not Rookie",7.4,11.6,"SF",3,11
"Elton Brand","C",32,"PHI",60,60,28.9,4.8,9.7,0.494,0,0,0,4.8,9.7,0.495,0.494,1.4,1.9,0.733,2.4,4.7,7.2,1.6,1,1.6,1.1,2.9,11,2011,80,275,"Duke",2000,2016,"Not Rookie",4.9,16.4,"C",5,11
"Grant Hill","SF",39,"PHO",49,46,28.1,4.1,9.2,0.446,0.3,1.1,0.264,3.8,8.1,0.47,0.461,1.7,2.2,0.761,0.6,2.9,3.5,2.2,0.8,0.6,1.3,1.8,10.2,2011,80,225,"Duke",1995,2013,"Not Rookie",5.1,10.9,"SF",3,16
"Nolan Smith","PG",23,"POR",44,4,12.3,1.5,4.1,0.372,0.3,1,0.289,1.2,3.1,0.4,0.408,0.5,0.6,0.714,0.4,0.9,1.3,1.4,0.4,0.1,1,1.3,3.8,2011,74,185,"Duke",2012,2013,"Not Rookie",2.6,3.4,"PG",1,-1
"Shane Battier","SF",33,"MIA",65,10,23.1,1.7,4.5,0.387,1,2.8,0.339,0.8,1.7,0.468,0.493,0.4,0.6,0.622,0.9,1.5,2.4,1.3,1,0.5,0.6,1.6,4.8,2011,80,220,"Duke",2002,2014,"Not Rookie",2.8,6.6,"SF",3,9
"Shelden Williams","C",28,"BRK",58,35,22,1.7,3.5,0.478,0,0,0,1.7,3.5,0.478,0.478,1.3,1.8,0.731,2.4,3.6,6,0.6,0.8,0.7,1.1,2.6,4.6,2011,81,250,"Duke",2007,2012,"Not Rookie",1.8,9.8,"C",5,4
"Carlos Boozer","PF",31,"CHI",79,79,32.2,6.9,14.4,0.477,0,0,0,6.9,14.4,0.478,0.477,2.4,3.3,0.731,2.2,7.5,9.8,2.3,0.8,0.4,2.2,3,16.2,2012,81,258,"Duke",2003,2015,"Not Rookie",7.5,19.8,"PF",4,9
"Chris Duhon","PG",30,"LAL",46,9,17.8,1,2.7,0.382,0.7,2,0.363,0.3,0.7,0.438,0.516,0.1,0.3,0.462,0.2,1.2,1.5,2.9,0.4,0,0.9,1.2,2.9,2012,73,185,"Duke",2005,2013,"Not Rookie",1.7,5.1,"PG",1,7
"Corey Maggette","SF",33,"DET",18,0,14.3,1.5,4.2,0.355,0.3,1.2,0.238,1.2,3.1,0.4,0.388,2,2.7,0.75,0.3,1.1,1.4,1.1,0.3,0.1,0.9,2.3,5.3,2012,78,218,"Duke",2000,2013,"Not Rookie",2.7,4.6,"SF",3,12
"Elton Brand","C",33,"DAL",72,18,21.2,3.1,6.6,0.473,0,0,0,3.1,6.6,0.474,0.473,0.9,1.3,0.71,1.8,4.2,6,1,0.7,1.3,0.8,2.7,7.2,2012,80,275,"Duke",2000,2016,"Not Rookie",3.5,11.9,"C",5,12
"Grant Hill","SF",40,"LAC",29,0,15.1,1.3,3.4,0.388,0.1,0.4,0.273,1.2,3,0.402,0.403,0.5,0.8,0.583,0.2,1.5,1.7,0.9,0.4,0.2,0.9,1.3,3.2,2012,80,225,"Duke",1995,2013,"Not Rookie",2.1,3.4,"SF",3,17
"Nolan Smith","PG",24,"POR",40,0,7.2,1.1,2.9,0.368,0.2,0.7,0.214,0.9,2.2,0.419,0.395,0.5,0.7,0.714,0.2,0.5,0.7,0.9,0.2,0,0.7,0.7,2.8,2012,74,185,"Duke",2012,2013,"Rookie",1.8,2.1,"PG",1,0
"Shane Battier","SF",34,"MIA",72,20,24.8,2.1,5,0.42,1.9,4.4,0.43,0.2,0.6,0.348,0.608,0.4,0.5,0.842,0.5,1.8,2.3,1,0.6,0.8,0.5,2.1,6.6,2012,80,220,"Duke",2002,2014,"Not Rookie",2.9,7.9,"SF",3,10
"Shavlik Randolph","PF",29,"BOS",16,0,12.4,1.8,3,0.583,0,0,0,1.8,3,0.583,0.583,0.7,1.7,0.407,1.8,2.6,4.4,0.3,0.5,0.4,0.6,2.4,4.2,2012,82,240,"Duke",2006,2015,"Not Rookie",1.2,8,"PF",4,6
"Carlos Boozer","PF",32,"CHI",76,76,28.2,5.9,12.9,0.456,0,0,0,5.9,12.9,0.457,0.456,1.9,2.5,0.767,1.8,6.5,8.3,1.6,0.7,0.3,2,2.8,13.7,2013,81,258,"Duke",2003,2015,"Not Rookie",7,15.6,"PF",4,10
"Elton Brand","C",34,"ATL",73,15,19.4,2.5,4.5,0.539,0,0,0,2.5,4.5,0.542,0.539,0.8,1.3,0.649,1.3,3.6,4.9,1,0.5,1.2,0.8,2.6,5.7,2013,80,275,"Duke",2000,2016,"Not Rookie",2,10.5,"C",5,13
"Shane Battier","SF",35,"MIA",73,56,20.1,1.4,3.8,0.382,1,2.9,0.348,0.4,0.9,0.492,0.515,0.2,0.3,0.652,0.5,1.4,1.9,0.9,0.7,0.5,0.3,1.7,4.1,2013,80,220,"Duke",2002,2014,"Not Rookie",2.4,5.4,"SF",3,11
"Shavlik Randolph","PF",30,"PHO",14,0,6.8,0.5,1,0.5,0,0,0,0.5,1,0.5,0.5,0.4,0.8,0.545,0.5,1.3,1.8,0.1,0.2,0.1,0.4,1.1,1.4,2013,82,240,"Duke",2006,2015,"Not Rookie",0.5,2.7,"PF",4,7
"Andre Dawkins","SG",23,"MIA",4,0,5.5,0.3,1.5,0.167,0.3,1.5,0.167,0,0,0,0.25,0,0,0,0,0.5,0.5,0.3,0,0,0.3,0.8,0.8,2014,77,215,"Duke",2015,2015,"Not Rookie",1.2,0.1,"SG",2,-1
"Carlos Boozer","PF",33,"LAL",71,26,23.8,5.2,10.5,0.499,0,0,0,5.2,10.5,0.499,0.499,1.3,2.1,0.627,1.6,5.2,6.8,1.3,0.6,0.2,1.3,2.6,11.8,2014,81,258,"Duke",2003,2015,"Not Rookie",5.3,14.1,"PF",4,11
"Elton Brand","C",35,"ATL",36,4,13.5,1.2,2.6,0.442,0,0,0,1.2,2.6,0.447,0.442,0.3,0.6,0.522,0.8,2,2.8,0.6,0.5,0.7,0.5,1.5,2.7,2014,80,275,"Duke",2000,2016,"Not Rookie",1.4,5.4,"C",5,14
"Shavlik Randolph","PF",31,"TOT",21,0,6,0.4,1.7,0.257,0,0.2,0,0.4,1.4,0.3,0.257,0.3,0.6,0.5,0.8,1,1.8,0.2,0.2,0.1,0.1,0.8,1.1,2014,82,240,"Duke",2006,2015,"Not Rookie",1.3,2,"PF",4,8
"Elton Brand","C",36,"PHI",17,1,13.2,1.8,4.2,0.431,0,0.1,0,1.8,4.2,0.437,0.431,0.5,0.5,0.889,0.5,3.2,3.7,1.1,0.5,0.5,0.6,1.9,4.1,2015,80,275,"Duke",2000,2016,"Not Rookie",2.4,6.9,"C",5,15
"Eric Montross","C",25,"TOT",78,77,23.4,2,4.5,0.456,0,0,0,2,4.5,0.456,0.456,0.3,0.8,0.339,2.3,4.3,6.6,0.8,0.3,0.9,1,3.4,4.3,1996,84,270,"UNC",1995,2002,"Not Rookie",2.5,9.4,"C",5,1
"George Lynch","SF",26,"MEM",41,27,25.8,3.3,7.1,0.471,0.2,0.8,0.258,3.1,6.3,0.496,0.485,1.5,2.4,0.619,2.4,4,6.4,1.9,1.5,0.4,1.6,2.4,8.3,1996,80,218,"UNC",1994,2005,"Not Rookie",3.8,13.1,"SF",3,2
"Hubert Davis","SG",26,"TOR",36,0,17.3,2.1,5.1,0.402,0.4,1.9,0.229,1.6,3.2,0.509,0.446,0.5,0.6,0.739,0.3,0.8,1.1,0.9,0.3,0.1,0.6,1.1,5,1996,77,183,"UNC",1993,2004,"Not Rookie",3,3.8,"SG",2,3
"Jeff McInnis","PG",22,"DEN",13,0,9,1.8,3.8,0.469,0.9,2,0.462,0.8,1.8,0.478,0.592,0.5,0.8,0.7,0.2,0.3,0.5,1.4,0.2,0.1,1,1.2,5,1996,76,190,"UNC",1997,2008,"Not Rookie",2,4.2,"PG",1,-1
"Jerry Stackhouse","SG",22,"PHI",81,81,39.1,6.6,16.1,0.407,1.3,4.2,0.298,5.3,11.9,0.446,0.446,6.3,8.2,0.766,1.9,2.2,4.2,3.1,1.1,0.8,3.9,2.7,20.7,1996,78,218,"UNC",1996,2013,"Rookie",9.5,16.5,"SG",2,0
"Joe Wolf","C",32,"MIL",56,7,9.4,0.7,1.6,0.449,0,0.1,0.143,0.7,1.5,0.476,0.455,0.3,0.3,0.737,0.6,1.4,2,0.4,0.3,0.2,0.3,1.9,1.7,1996,83,230,"UNC",1988,1999,"Not Rookie",0.9,3.4,"C",5,8
"Kenny Smith","PG",31,"TOT",48,3,15.9,2.1,5,0.423,1.2,2.8,0.437,0.9,2.2,0.404,0.546,0.8,0.9,0.867,0.1,0.8,0.9,2.4,0.4,0,1.5,0.6,6.3,1996,75,170,"UNC",1988,1997,"Not Rookie",2.9,5.6,"PG",1,8
"Kevin Salvadori","C",26,"SAC",23,0,6.7,0.5,1.4,0.364,0,0,0,0.5,1.4,0.364,0.364,0.6,0.8,0.722,0.3,0.8,1.1,0.4,0.1,0.6,0.5,0.7,1.6,1996,84,231,"UNC",1997,1998,"Not Rookie",0.9,2.4,"C",5,-1
"Michael Jordan","SG",33,"CHI",82,82,37.9,11.2,23.1,0.486,1.4,3.6,0.374,9.9,19.5,0.507,0.516,5.9,7,0.833,1.4,4.5,5.9,4.3,1.7,0.5,2,1.9,29.6,1996,78,195,"UNC",1985,2003,"Not Rookie",11.9,28.1,"SG",2,11
"Pete Chilcutt","PF",28,"MEM",54,1,12.3,1.3,3.1,0.436,0.5,1.3,0.362,0.9,1.8,0.49,0.512,0.2,0.4,0.591,1.2,1.6,2.9,0.9,0.5,0.3,0.5,1,3.4,1996,82,230,"UNC",1992,2000,"Not Rookie",1.8,5.7,"PF",4,4
"Rasheed Wallace","PF",22,"POR",62,56,30.5,6.1,11,0.558,0.1,0.5,0.273,6,10.5,0.573,0.565,2.7,4.3,0.638,2,4.8,6.8,1.2,0.8,1,1.8,3.2,15.1,1996,82,225,"UNC",1996,2013,"Rookie",4.9,18.2,"PF",4,0
"Rick Fox","SF",27,"BOS",76,75,34.9,5.7,12.5,0.456,1.3,3.7,0.363,4.4,8.8,0.494,0.509,2.7,3.5,0.787,1.5,3.7,5.2,3.8,2.2,0.5,2.3,3.7,15.4,1996,79,230,"UNC",1992,2004,"Not Rookie",6.8,18,"SF",3,4
"Sam Perkins","C",35,"SEA",81,4,24.4,3.6,8.2,0.439,1.5,3.8,0.395,2.1,4.3,0.477,0.531,2.3,2.8,0.817,0.9,2.8,3.7,1.3,0.9,0.6,1,1.7,11,1996,81,235,"UNC",1985,2001,"Not Rookie",4.6,11.9,"C",5,11
"Scott Williams","C",28,"PHI",62,52,21.2,2.6,5.1,0.509,0,0,0,2.6,5.1,0.513,0.509,0.6,0.9,0.691,2.5,3.9,6.4,0.7,0.7,0.7,0.8,3.3,5.8,1996,82,230,"UNC",1991,2005,"Not Rookie",2.5,11,"C",5,5
"Eric Montross","C",26,"TOT",48,30,14.4,1.3,3,0.424,0,0,0,1.3,3,0.424,0.424,0.3,0.8,0.4,1.4,2.7,4.1,0.2,0.3,0.6,0.6,2.6,2.9,1997,84,270,"UNC",1995,2002,"Not Rookie",1.7,5.8,"C",5,2
"George Lynch","SF",27,"MEM",82,0,18.2,3,6.3,0.481,0.1,0.4,0.3,2.9,5.9,0.492,0.489,1.4,1.9,0.703,1.8,2.6,4.4,1.5,0.8,0.5,1.3,2,7.5,1997,80,218,"UNC",1994,2005,"Not Rookie",3.3,10.1,"SF",3,3
"Hubert Davis","SG",27,"DAL",81,30,29.4,4.3,9.5,0.456,1.2,2.8,0.439,3.1,6.6,0.464,0.522,1.2,1.4,0.836,0.4,1.7,2.1,1.9,0.5,0.1,1.1,1.4,11.1,1997,77,183,"UNC",1993,2004,"Not Rookie",5.2,9.4,"SG",2,4
"J.R. Reid","PF",29,"NOP",79,1,14,1.8,4,0.459,0,0.1,0.375,1.8,3.9,0.461,0.464,1.1,1.5,0.73,0.9,1.7,2.7,0.6,0.4,0.2,0.8,2.2,4.9,1997,81,247,"UNC",1990,2001,"Not Rookie",2.2,5.8,"PF",4,7
"Jerry Stackhouse","SG-SF",23,"TOT",79,37,32.2,5.4,12.3,0.435,0.6,2.5,0.241,4.8,9.9,0.483,0.459,4.5,5.7,0.787,1.3,2,3.4,3.1,1.1,0.7,2.8,2.2,15.8,1997,78,218,"UNC",1996,2013,"Not Rookie",6.9,14.4,"SG",2,1
"Joe Wolf","PF",33,"DEN",57,8,10.9,0.7,2.1,0.331,0,0.2,0.2,0.7,1.9,0.342,0.339,0.1,0.2,0.5,0.6,1.6,2.2,0.5,0.4,0.1,0.4,1.6,1.5,1997,83,230,"UNC",1988,1999,"Not Rookie",1.4,2.9,"PF",4,9
"Kevin Salvadori","C",27,"SAC",16,0,5.4,0.1,0.8,0.077,0,0,0,0.1,0.8,0.077,0.077,0.2,0.4,0.5,0.3,0.9,1.3,0.2,0,0.7,0.3,0.8,0.3,1997,84,231,"UNC",1997,1998,"Rookie",0.7,1.5,"C",5,0
"Michael Jordan","SG",34,"CHI",82,82,38.8,10.7,23.1,0.465,0.4,1.5,0.238,10.4,21.5,0.482,0.473,6.9,8.8,0.784,1.6,4.2,5.8,3.5,1.7,0.5,2.3,1.8,28.7,1997,78,195,"UNC",1985,2003,"Not Rookie",12.4,25.5,"SG",2,12
"Pete Chilcutt","PF",29,"MEM",82,0,17.3,1.9,4.4,0.435,0.7,1.6,0.415,1.2,2.8,0.445,0.51,0.5,0.7,0.661,0.9,2.8,3.7,1.3,0.6,0.5,0.8,1.9,4.9,1997,82,230,"UNC",1992,2000,"Not Rookie",2.5,7.7,"PF",4,5
"Rasheed Wallace","PF",23,"POR",77,77,37.6,6.1,11.4,0.533,0.1,0.5,0.205,5.9,10.9,0.548,0.537,2.4,3.6,0.662,1.7,4.5,6.2,2.5,1,1.1,2.2,3.5,14.6,1997,82,225,"UNC",1996,2013,"Not Rookie",5.3,17.9,"PF",4,1
"Rick Fox","SF",28,"LAL",82,82,33,4.4,9.4,0.471,1,3.2,0.325,3.4,6.2,0.547,0.527,2.1,2.8,0.743,1,3.4,4.4,3.4,1.2,0.6,2.5,3.8,12,1997,79,230,"UNC",1992,2004,"Not Rookie",5,14.1,"SF",3,5
"Sam Perkins","PF",36,"SEA",81,0,20.7,2.4,5.8,0.416,1.1,2.7,0.392,1.3,3.1,0.438,0.508,1.2,1.6,0.789,0.7,2.5,3.1,1.4,0.8,0.4,0.8,2,7.2,1997,81,235,"UNC",1985,2001,"Not Rookie",3.4,8.7,"PF",4,12
"Scott Williams","C",29,"PHI",58,7,13.8,1.6,3.7,0.437,0,0.1,0,1.6,3.6,0.447,0.437,0.9,1.1,0.81,1.5,2.1,3.6,0.5,0.3,0.4,0.5,2.3,4.1,1997,82,230,"UNC",1991,2005,"Not Rookie",2.1,6.3,"C",5,6
"Antawn Jamison","SF",22,"GSW",47,24,22.5,3.8,8.4,0.452,0.1,0.2,0.3,3.7,8.2,0.456,0.456,1.9,3.3,0.588,2.8,3.6,6.4,0.7,0.8,0.3,1.4,2.2,9.6,1998,80,223,"UNC",1999,2014,"Not Rookie",4.6,11.8,"SF",3,-1
"Eric Montross","C",27,"DET",46,2,12.5,0.9,1.7,0.525,0,0,0,0.9,1.7,0.532,0.525,0.2,0.7,0.344,1,2,3,0.3,0.3,0.6,0.3,2.3,2.1,1998,84,270,"UNC",1995,2002,"Not Rookie",0.8,5.2,"C",5,3
"George Lynch","SF",28,"PHI",43,43,30.6,3.4,8.1,0.421,0.2,0.5,0.391,3.2,7.6,0.423,0.434,1.2,2,0.631,2.6,3.9,6.5,1.8,2,0.5,1.8,3.3,8.3,1998,80,218,"UNC",1994,2005,"Not Rookie",4.7,12.6,"SF",3,4
"Hubert Davis","SG",28,"DAL",50,21,27.6,3.5,7.9,0.438,1.3,2.9,0.451,2.2,5.1,0.431,0.52,0.9,1,0.88,0.1,1.7,1.7,1.8,0.4,0.1,1.1,1.5,9.1,1998,77,183,"UNC",1993,2004,"Not Rookie",4.4,7.6,"SG",2,5
"J.R. Reid","PF",30,"TOT",41,26,25.1,3.2,6.8,0.477,0,0,0,3.2,6.7,0.478,0.477,2.6,3.3,0.766,1.1,4.1,5.2,1.2,0.9,0.2,1.2,3.3,9,1998,81,247,"UNC",1990,2001,"Not Rookie",3.6,11.7,"PF",4,8
"Jeff McInnis","PG",24,"WAS",35,6,12.2,1.4,3.8,0.373,0.3,1,0.257,1.2,2.8,0.414,0.407,0.6,0.8,0.75,0.3,0.3,0.6,2.1,0.5,0,0.9,1,3.7,1998,76,190,"UNC",1997,2008,"Not Rookie",2.4,3.6,"PG",1,1
"Jerry Stackhouse","SG",24,"DET",42,9,28.3,4.3,11.6,0.371,0.8,3,0.278,3.5,8.6,0.403,0.407,5,5.9,0.85,0.6,1.9,2.5,2.8,0.8,0.5,2.9,1.9,14.5,1998,78,218,"UNC",1996,2013,"Not Rookie",7.3,10.9,"SG",2,2
"Joe Wolf","PF",34,"NOP",3,0,4,0,0.3,0,0,0,0,0,0.3,0,0,0,0.7,0,0,0.3,0.3,0,0,0,0,2,0,1998,83,230,"UNC",1988,1999,"Not Rookie",0.3,0,"PF",4,10
"Pete Chilcutt","PF",30,"MEM",46,0,15.2,1.4,3.7,0.366,0.6,1.5,0.382,0.8,2.3,0.356,0.442,0.3,0.4,0.824,0.6,1.9,2.5,0.7,0.5,0.3,0.6,1.1,3.6,1998,82,230,"UNC",1992,2000,"Not Rookie",2.3,4.7,"PF",4,6
"Rasheed Wallace","PF",24,"POR",49,18,28.9,4.9,9.7,0.508,0.3,0.6,0.419,4.7,9.1,0.515,0.522,2.7,3.7,0.732,1.2,3.8,4.9,1.2,1,1.1,1.6,3.6,12.8,1998,82,225,"UNC",1996,2013,"Not Rookie",4.8,14.6,"PF",4,2
"Rick Fox","SF",29,"LAL",44,1,21.5,3.4,7.5,0.448,0.7,2.2,0.337,2.6,5.3,0.494,0.497,1.5,2,0.742,0.6,1.4,2,2,0.6,0.2,1.3,2.6,9,1998,79,230,"UNC",1992,2004,"Not Rookie",4.1,8.4,"SF",3,6
"Sam Perkins","PF",37,"IND",48,0,16.4,1.7,4.2,0.4,0.7,1.9,0.389,0.9,2.3,0.409,0.488,0.9,1.3,0.717,0.8,2.1,2.9,0.5,0.3,0.3,0.5,1.5,5,1998,81,235,"UNC",1985,2001,"Not Rookie",2.5,6,"PF",4,13
"Scott Williams","C",30,"TOT",7,0,6.6,0.7,2.4,0.294,0,0,0,0.7,2.4,0.294,0.294,0.6,1,0.571,0.4,1.6,2,0.1,0.4,0.3,0.6,1.3,2,1998,82,230,"UNC",1991,2005,"Not Rookie",1.7,2.5,"C",5,7
"Shammond Williams","PG",23,"ATL",2,0,2,0,0.5,0,0,0,0,0,0.5,0,0,1.5,2,0.75,0,0,0,0.5,0,0,0,0,1.5,1998,73,201,"UNC",1999,2007,"Not Rookie",0.5,1.5,"PG",1,-1
"Antawn Jamison","SF",23,"GSW",43,41,36.2,8.3,17.6,0.471,0,0.2,0.286,8.2,17.4,0.473,0.472,3,4.8,0.611,4,4.3,8.3,2.1,0.7,0.3,2.6,2.7,19.6,1999,80,223,"UNC",1999,2014,"Rookie",9.3,19.1,"SF",3,0
"Eric Montross","C",28,"DET",51,0,6.5,0.3,1.1,0.309,0,0,0,0.3,1.1,0.309,0.309,0.1,0.2,0.5,0.4,1.1,1.4,0.1,0.1,0.2,0.4,1.6,0.8,1999,84,270,"UNC",1995,2002,"Not Rookie",0.8,1.4,"C",5,4
"George Lynch","SF",29,"PHI",75,75,32.2,4,8.6,0.461,0.2,0.5,0.417,3.8,8.1,0.464,0.473,1.5,2.4,0.617,2.9,4.9,7.8,1.8,1.6,0.5,1.6,3.1,9.6,1999,80,218,"UNC",1994,2005,"Not Rookie",4.6,15.1,"SF",3,5
"Hubert Davis","PG",29,"DAL",79,15,23,2.7,5.9,0.468,1,2.1,0.491,1.7,3.8,0.455,0.556,0.8,1,0.87,0.2,1.5,1.7,1.8,0.3,0,0.9,1.4,7.4,1999,77,183,"UNC",1993,2004,"Not Rookie",3.2,7.1,"PG",1,6
"J.R. Reid","PF",31,"MIL",34,7,17.7,1.6,3.7,0.417,0,0.2,0.143,1.5,3.5,0.433,0.421,1.3,1.6,0.768,0.9,2.6,3.4,0.5,0.6,0.1,0.6,2.4,4.4,1999,81,247,"UNC",1990,2001,"Not Rookie",2.1,6.3,"PF",4,9
"Jeff McInnis","PG",25,"LAC",25,10,23.9,3.2,7.4,0.43,0.3,0.8,0.333,2.9,6.6,0.442,0.449,0.5,0.7,0.765,0.7,2.2,2.9,3.6,0.6,0.1,1.1,2.2,7.2,1999,76,190,"UNC",1997,2008,"Not Rookie",4.2,9.1,"PG",1,2
"Jerry Stackhouse","SG",25,"DET",82,82,38.4,7.5,17.6,0.428,1,3.5,0.288,6.5,14.1,0.462,0.456,7.5,9.2,0.815,1.4,2.4,3.8,4.5,1.3,0.4,3.8,2.3,23.6,1999,78,218,"UNC",1996,2013,"Not Rookie",10.1,19.7,"SG",2,3
"Pete Chilcutt","PF",31,"TOT",56,2,10.7,0.9,2.3,0.417,0.1,0.5,0.231,0.8,1.8,0.465,0.441,0.1,0.1,1,0.8,1.5,2.3,0.5,0.3,0.2,0.4,1.3,2.1,1999,82,230,"UNC",1992,2000,"Not Rookie",1.4,3.6,"PF",4,7
"Rasheed Wallace","PF",25,"POR",81,77,35.1,6.7,12.9,0.519,0.1,0.6,0.16,6.6,12.3,0.537,0.522,2.9,4.1,0.704,1.6,5.4,7,1.8,1.1,1.3,1.9,2.7,16.4,1999,82,225,"UNC",1996,2013,"Not Rookie",6.2,19.5,"PF",4,3
"Rick Fox","SF",30,"LAL",82,1,18,2.5,6.1,0.414,0.7,2.2,0.326,1.8,3.9,0.464,0.473,0.8,1,0.808,0.8,1.6,2.4,1.7,0.6,0.3,1.1,2.5,6.5,1999,79,230,"UNC",1992,2004,"Not Rookie",3.6,6.8,"SF",3,7
"Sam Perkins","PF",38,"IND",81,0,20,2.3,5.4,0.417,1.1,2.7,0.408,1.2,2.8,0.426,0.518,1,1.2,0.825,0.8,2.8,3.6,0.8,0.4,0.4,0.8,1.7,6.6,1999,81,235,"UNC",1985,2001,"Not Rookie",3.1,7.9,"PF",4,14
"Scott Williams","C",31,"MIL",68,46,21.9,3.1,6.3,0.5,0,0,0,3.1,6.3,0.5,0.5,1.4,1.9,0.729,2.6,4,6.6,0.4,0.6,1,1,3.4,7.6,1999,82,230,"UNC",1991,2005,"Not Rookie",3.2,12,"C",5,8
"Shammond Williams","PG",24,"SEA",43,5,12,2,5.2,0.373,0.6,1.9,0.296,1.4,3.3,0.417,0.427,0.8,1.2,0.647,0.3,0.9,1.2,1.8,0.4,0,0.9,0.9,5.2,1999,73,201,"UNC",1999,2007,"Rookie",3.2,4.5,"PG",1,0
"Antawn Jamison","SF",24,"GSW",82,82,41.4,9.8,22.1,0.442,0.8,2.5,0.302,9,19.6,0.459,0.459,4.7,6.5,0.715,3.4,5.3,8.7,2,1.4,0.3,2.4,2.7,24.9,2000,80,223,"UNC",1999,2014,"Not Rookie",12.3,22.6,"SF",3,1
"Eric Montross","C",29,"TOT",54,21,12,1,2.6,0.406,0,0,0,1,2.6,0.406,0.406,0.1,0.6,0.258,1,2.2,3.2,0.4,0.2,0.5,0.8,2.1,2.2,2000,84,270,"UNC",1995,2002,"Not Rookie",1.6,4.1,"C",5,5
"George Lynch","SF",30,"PHI",82,80,32.3,3.3,7.5,0.445,0.2,0.7,0.263,3.2,6.8,0.463,0.457,1.5,2.1,0.719,2.4,4.8,7.2,1.7,1.2,0.4,1.3,2.7,8.4,2000,80,218,"UNC",1994,2005,"Not Rookie",4.2,13.4,"SF",3,6
"Hubert Davis","PG",30,"TOT",66,18,25.6,3,6.6,0.453,1.2,2.6,0.456,1.8,4,0.45,0.543,0.8,0.9,0.871,0.4,1.7,2.1,1.7,0.5,0,1.2,1.8,7.9,2000,77,183,"UNC",1993,2004,"Not Rookie",3.6,7.4,"PG",1,7
"J.R. Reid","PF",32,"CLE",6,0,6.5,0.3,0.8,0.4,0,0,0,0.3,0.8,0.4,0.4,1,1.3,0.75,0.8,0.5,1.3,0.2,0.3,0.2,0.2,0.7,1.7,2000,81,247,"UNC",1990,2001,"Not Rookie",0.5,3,"PF",4,10
"Jeff McInnis","PG",26,"LAC",81,81,35,5.3,11.5,0.463,0.6,1.8,0.361,4.7,9.7,0.482,0.491,1.6,2,0.807,0.5,2.2,2.7,5.5,0.9,0.1,1.4,2.5,12.9,2000,76,190,"UNC",1997,2008,"Not Rookie",6.2,14.5,"PG",1,3
"Jerry Stackhouse","SG",26,"DET",80,80,40.2,9.7,24.1,0.402,2.1,5.9,0.351,7.6,18.2,0.418,0.445,8.3,10.1,0.822,1.2,2.7,3.9,5.1,1.2,0.7,4.1,2,29.8,2000,78,218,"UNC",1996,2013,"Not Rookie",14.4,22.2,"SG",2,4
"Rasheed Wallace","PF",26,"POR",77,75,38.2,7.7,15.3,0.501,0.7,2.1,0.321,7,13.2,0.53,0.523,3.2,4.2,0.766,1.9,5.9,7.8,2.8,1.2,1.8,2.1,2.7,19.2,2000,82,225,"UNC",1996,2013,"Not Rookie",7.6,23.1,"PF",4,4
"Rick Fox","SF",31,"LAL",82,77,27.9,3.5,7.9,0.444,1.4,3.7,0.393,2.1,4.2,0.488,0.536,1.2,1.5,0.779,1,3,4,3.2,0.9,0.4,1.7,2.7,9.6,2000,79,230,"UNC",1992,2004,"Not Rookie",4.4,12,"SF",3,8
"Sam Perkins","PF",39,"IND",64,41,15.6,1.3,3.5,0.381,0.6,1.7,0.345,0.8,1.8,0.414,0.465,0.5,0.6,0.842,0.5,2.1,2.6,0.6,0.5,0.3,0.3,1,3.8,2000,81,235,"UNC",1985,2001,"Not Rookie",2.2,5.3,"PF",4,15
"Scott Williams","C",32,"MIL",66,31,19.3,2.6,5.5,0.474,0,0.1,0.25,2.6,5.4,0.476,0.475,0.9,1.1,0.857,1.5,4,5.5,0.5,0.7,0.5,0.6,2.7,6.1,2000,82,230,"UNC",1991,2005,"Not Rookie",2.9,9.8,"C",5,9
"Shammond Williams","PG",25,"SEA",69,6,17.9,2.3,5.3,0.438,0.9,1.9,0.459,1.4,3.4,0.426,0.52,1.2,1.4,0.875,0.5,1.4,1.9,2.8,0.4,0.1,1.2,1.2,6.8,2000,73,201,"UNC",1999,2007,"Not Rookie",3,7.8,"PG",1,1
"Antawn Jamison","SF",25,"GSW",82,82,37,7.5,16.8,0.447,0.8,2.6,0.324,6.7,14.2,0.469,0.471,3.9,5.4,0.734,2.6,4.2,6.8,2,0.9,0.5,2,2.3,19.7,2001,80,223,"UNC",1999,2014,"Not Rookie",9.3,18.6,"SF",3,2
"Brendan Haywood","C",22,"WAS",62,2,20.4,1.8,3.6,0.493,0,0,0,1.8,3.6,0.493,0.493,1.6,2.6,0.606,2.3,2.9,5.2,0.5,0.3,1.5,0.8,2.5,5.1,2001,84,268,"UNC",2002,2015,"Not Rookie",1.8,10,"C",5,-1
"Eric Montross","C",30,"TOR",49,24,13.4,1.1,2.7,0.402,0,0,0,1.1,2.7,0.405,0.402,0.2,0.6,0.323,0.7,2.1,2.9,0.3,0.2,0.5,0.5,1.9,2.4,2001,84,270,"UNC",1995,2002,"Not Rookie",1.6,4.2,"C",5,6
"George Lynch","SF",31,"NOP",45,18,19.8,1.6,4.4,0.369,0,0.1,0.167,1.6,4.3,0.375,0.371,0.6,0.9,0.625,1.6,2.6,4.1,1.2,0.9,0.3,0.9,1.7,3.8,2001,80,218,"UNC",1994,2005,"Not Rookie",2.8,6.6,"SF",3,7
"Hubert Davis","SG",31,"WAS",51,17,24.1,2.9,6.4,0.448,1.1,2.5,0.452,1.7,3.9,0.445,0.535,0.3,0.4,0.762,0.1,1.4,1.5,2.1,0.5,0.1,0.9,1.1,7.2,2001,77,183,"UNC",1993,2004,"Not Rookie",3.5,7,"SG",2,8
"Jeff McInnis","PG",27,"LAC",81,80,37.4,5.7,13.8,0.413,0.9,2.9,0.321,4.8,11,0.437,0.446,2.3,2.7,0.836,0.6,2.1,2.6,6.2,0.8,0.1,1.8,2.5,14.6,2001,76,190,"UNC",1997,2008,"Not Rookie",8.1,14.4,"PG",1,4
"Jerry Stackhouse","SF",27,"DET",76,76,35.3,6.9,17.4,0.397,1.1,3.9,0.287,5.8,13.4,0.43,0.43,6.5,7.6,0.858,1,3.1,4.1,5.3,1,0.5,3.5,2.1,21.4,2001,78,218,"UNC",1996,2013,"Not Rookie",10.5,18.3,"SF",3,5
"Joseph Forte","SG",20,"BOS",8,0,4.9,0.1,1.5,0.083,0,0.4,0,0.1,1.1,0.111,0.083,0.5,0.5,1,0.1,0.6,0.8,0.8,0.3,0,0.4,0.1,0.8,2001,76,194,"UNC",2002,2003,"Not Rookie",1.4,0.9,"SG",2,-1
"Michael Jordan","SF",38,"WAS",60,53,34.9,9.2,22.1,0.416,0.2,0.9,0.189,9,21.2,0.426,0.42,4.4,5.6,0.79,0.8,4.8,5.7,5.2,1.4,0.4,2.7,2,22.9,2001,78,195,"UNC",1985,2003,"Not Rookie",12.9,20,"SF",3,16
"Rasheed Wallace","PF",27,"POR",79,79,37.5,7.6,16.3,0.469,1.4,4,0.36,6.2,12.3,0.504,0.513,2.5,3.5,0.734,1.7,6.4,8.2,1.9,1.3,1.3,1.7,2.7,19.3,2001,82,225,"UNC",1996,2013,"Not Rookie",8.7,21.6,"PF",4,5
"Rick Fox","SF",32,"LAL",82,82,27.9,3.1,7.4,0.421,0.8,2.5,0.313,2.3,4.8,0.479,0.475,0.9,1,0.824,1.1,3.6,4.7,3.5,0.8,0.3,1.6,3,7.9,2001,79,230,"UNC",1992,2004,"Not Rookie",4.3,11.3,"SF",3,9
"Scott Williams","PF",33,"DEN",41,16,18,2.1,5.3,0.396,0,0,0,2.1,5.2,0.4,0.396,0.7,1,0.732,2,3.1,5.1,0.3,0.4,0.8,0.9,2.4,4.9,2001,82,230,"UNC",1991,2005,"Not Rookie",3.2,7.4,"PF",4,10
"Shammond Williams","SG",26,"SEA",50,2,12.1,1.6,3.9,0.42,0.6,1.5,0.373,1.1,2.4,0.449,0.492,0.6,0.8,0.795,0.3,0.9,1.3,1.7,0.4,0,0.7,0.7,4.4,2001,73,201,"UNC",1999,2007,"Not Rookie",2.3,4.8,"SG",2,2
"Antawn Jamison","SF",26,"GSW",82,82,39.3,8.4,17.9,0.47,0.8,2.5,0.311,7.6,15.4,0.496,0.492,4.6,5.8,0.789,2.4,4.7,7,1.9,0.9,0.5,2.2,2.4,22.2,2002,80,223,"UNC",1999,2014,"Not Rookie",9.5,20.8,"SF",3,3
"Brendan Haywood","C",23,"WAS",81,69,23.8,2.1,4.2,0.51,0,0,0,2.1,4.2,0.51,0.51,1.9,3,0.633,2.4,2.6,5,0.4,0.4,1.5,0.8,2.8,6.2,2002,84,268,"UNC",2002,2015,"Rookie",2.1,10.6,"C",5,0
"George Lynch","SG",32,"NOP",81,32,18.5,1.8,4.4,0.409,0.3,1,0.354,1.5,3.5,0.425,0.448,0.5,0.9,0.554,1.7,2.6,4.4,1.3,0.8,0.2,0.6,1.7,4.5,2002,80,218,"UNC",1994,2005,"Not Rookie",2.6,8,"SG",2,8
"Hubert Davis","SG",32,"DET",43,1,7.6,0.7,1.8,0.392,0.3,0.8,0.333,0.4,1,0.442,0.468,0.1,0.1,0.833,0.1,0.7,0.8,0.7,0.1,0,0.3,0.5,1.8,2002,77,183,"UNC",1993,2004,"Not Rookie",1.1,2,"SG",2,9
"Jeff McInnis","PG",28,"POR",75,1,17.5,2.5,5.6,0.444,0.1,0.5,0.171,2.4,5.2,0.469,0.452,0.7,0.9,0.746,0.3,1,1.3,2.3,0.3,0,1,1.6,5.8,2002,76,190,"UNC",1997,2008,"Not Rookie",3.1,5.6,"PG",1,5
"Jerry Stackhouse","SG",28,"WAS",70,70,39.2,7,17.2,0.409,1,3.5,0.29,6,13.7,0.439,0.438,6.5,7.4,0.878,0.9,2.8,3.7,4.5,0.9,0.4,2.8,1.9,21.5,2002,78,218,"UNC",1996,2013,"Not Rookie",10.2,18,"SG",2,6
"Joseph Forte","SG",21,"SEA",17,0,5.1,0.6,2.1,0.286,0,0.2,0,0.6,1.9,0.313,0.286,0.2,0.4,0.667,0.2,0.4,0.6,0.6,0.2,0,0.6,0.4,1.4,2002,76,194,"UNC",2002,2003,"Rookie",1.5,0.7,"SG",2,0
"Michael Jordan","SF",39,"WAS",82,67,37,8.3,18.6,0.445,0.2,0.7,0.291,8.1,18,0.45,0.45,3.2,4,0.821,0.9,5.2,6.1,3.8,1.5,0.5,2.1,2.1,20,2002,78,195,"UNC",1985,2003,"Not Rookie",10.3,19.5,"SF",3,17
"Rasheed Wallace","PF",28,"POR",74,74,36.3,7,14.8,0.471,1.5,4.1,0.358,5.5,10.6,0.515,0.521,2.7,3.7,0.735,1.5,5.9,7.4,2.1,0.9,1,1.9,3,18.1,2002,82,225,"UNC",1996,2013,"Not Rookie",7.8,19.8,"PF",4,6
"Rick Fox","SF",33,"LAL",76,75,28.7,3.4,8.2,0.422,1.4,3.7,0.375,2.1,4.5,0.46,0.506,0.7,0.9,0.754,0.8,3.4,4.3,3.3,0.9,0.2,1.6,2.8,9,2002,79,230,"UNC",1992,2004,"Not Rookie",4.8,11.3,"SF",3,10
"Scott Williams","C",34,"PHO",69,33,12.6,1.7,4.2,0.411,0,0,0,1.7,4.2,0.414,0.411,0.5,0.6,0.786,1,1.8,2.8,0.3,0.4,0.3,0.5,2.3,4,2002,82,230,"UNC",1991,2005,"Not Rookie",2.5,4.8,"C",5,11
"Shammond Williams","PG",27,"TOT",78,11,24.1,2.9,7.4,0.394,1.2,3.3,0.356,1.7,4.1,0.425,0.474,1,1.3,0.765,0.3,1.9,2.2,3.4,1,0.1,1.5,1.8,8,2002,73,201,"UNC",1999,2007,"Not Rookie",4.5,8.7,"PG",1,3
"Antawn Jamison","SF",27,"DAL",82,2,29,6,11.1,0.535,0.2,0.5,0.4,5.8,10.6,0.541,0.543,2.7,3.6,0.748,2.8,3.5,6.3,0.9,1,0.4,1,2.1,14.8,2003,80,223,"UNC",1999,2014,"Not Rookie",5.1,17.3,"SF",3,4
"Brendan Haywood","C",24,"WAS",77,59,19.3,2.6,5,0.515,0,0,0,2.6,5,0.517,0.515,1.8,3,0.585,2.4,2.6,5,0.6,0.4,1.3,1,2,7,2003,84,268,"UNC",2002,2015,"Not Rookie",2.4,10.9,"C",5,1
"George Lynch","SF",33,"NOP",78,51,21.8,1.9,4.8,0.397,0.6,1.8,0.309,1.4,3,0.449,0.455,0.4,0.7,0.667,1.2,2.8,4,1.5,0.6,0.2,0.8,2,4.8,2003,80,218,"UNC",1994,2005,"Not Rookie",2.9,7.4,"SF",3,9
"Hubert Davis","SG",33,"TOT",17,0,4.6,0.1,0.6,0.091,0,0.1,0,0.1,0.6,0.1,0.091,0.1,0.1,1,0.1,0.4,0.5,0.2,0.1,0,0.2,0.7,0.2,2003,77,183,"UNC",1993,2004,"Not Rookie",0.5,0.3,"SG",2,10
"Jeff McInnis","SG-PG",29,"TOT",70,57,33.8,4.8,10.7,0.447,0.7,1.8,0.362,4.1,8.9,0.465,0.478,1.6,2,0.797,0.5,2,2.5,6.1,1,0.1,1.7,2.3,11.8,2003,76,190,"UNC",1997,2008,"Not Rookie",5.9,13.9,"SG",2,6
"Jerry Stackhouse","SF",29,"WAS",26,17,29.8,4.9,12.3,0.399,0.9,2.5,0.354,4,9.8,0.41,0.435,3.2,4,0.806,0.6,3,3.6,4,0.9,0.1,3.4,1.9,13.9,2003,78,218,"UNC",1996,2013,"Not Rookie",7.4,11.7,"SF",3,7
"Rasheed Wallace","PF",29,"TOT",68,66,35.1,6.3,14.3,0.436,1.2,3.6,0.331,5,10.7,0.472,0.478,2.3,3.1,0.736,1.5,5.3,6.8,2.3,0.9,1.8,1.8,2.8,16,2003,82,225,"UNC",1996,2013,"Not Rookie",8,18,"PF",4,7
"Rick Fox","SF",34,"LAL",38,34,22.3,1.9,4.9,0.392,0.4,1.6,0.246,1.5,3.3,0.464,0.433,0.6,0.8,0.733,0.8,1.9,2.7,2.6,0.8,0.1,1.3,2.6,4.8,2003,79,230,"UNC",1992,2004,"Not Rookie",3,6.7,"SF",3,11
"Scott Williams","C",35,"TOT",43,21,12.3,2.1,4.3,0.484,0,0.1,0.667,2,4.3,0.481,0.489,0.4,0.6,0.593,0.9,2.2,3.1,0.4,0.5,0.4,0.4,2.2,4.6,2003,82,230,"UNC",1991,2005,"Not Rookie",2.2,6.4,"C",5,12
"Shammond Williams","SG-PG",28,"TOT",53,4,14.4,1.6,4.4,0.375,0.6,1.9,0.3,1.1,2.5,0.432,0.44,1,1.1,0.879,0.2,1,1.1,2.2,0.7,0,0.9,1.2,4.8,2003,73,201,"UNC",1999,2007,"Not Rookie",2.8,5.1,"SG",2,4
"Antawn Jamison","PF",28,"WAS",68,68,38.3,7.6,17.5,0.437,1,3.1,0.341,6.6,14.4,0.457,0.466,3.3,4.4,0.76,2.4,5.3,7.6,2.3,0.8,0.2,1.7,2.2,19.6,2004,80,223,"UNC",1999,2014,"Not Rookie",9.9,18.9,"PF",4,5
"Brendan Haywood","C",25,"WAS",68,68,27.4,3.5,6.3,0.56,0,0,0,3.5,6.3,0.56,0.56,2.3,3.8,0.609,3,3.9,6.8,0.8,0.8,1.7,1.4,3.2,9.4,2004,84,268,"UNC",2002,2015,"Not Rookie",2.8,15.3,"C",5,2
"George Lynch","SF",34,"NOP",44,27,21.2,1.5,4.3,0.36,0.3,0.8,0.297,1.3,3.5,0.375,0.389,0.4,0.5,0.739,1.3,2.7,4,2,0.7,0.3,1.3,1.9,3.7,2004,80,218,"UNC",1994,2005,"Not Rookie",2.8,6.6,"SF",3,10
"Jeff McInnis","PG",30,"CLE",76,69,34.9,5,12,0.412,1.2,3.5,0.345,3.8,8.6,0.439,0.462,1.7,2.1,0.813,0.4,1.6,2.1,5.1,0.7,0,1.5,2.3,12.8,2004,76,190,"UNC",1997,2008,"Not Rookie",7,12.2,"PG",1,7
"Jerry Stackhouse","SG",30,"DAL",56,7,28.9,4.9,11.8,0.414,0.6,2.1,0.267,4.3,9.7,0.446,0.438,4.5,5.3,0.849,0.7,2.6,3.3,2.3,0.9,0.2,1.9,1.9,14.9,2004,78,218,"UNC",1996,2013,"Not Rookie",6.9,12.8,"SG",2,8
"Rasheed Wallace","PF",30,"DET",79,79,34,5.9,13.4,0.44,0.9,3,0.318,5,10.5,0.475,0.475,1.7,2.5,0.697,2.2,5.9,8.2,1.8,0.8,1.5,1.6,3,14.5,2004,82,225,"UNC",1996,2013,"Not Rookie",7.5,17.7,"PF",4,8
"Scott Williams","C",36,"CLE",19,0,8,0.6,2.2,0.293,0,0.1,0,0.6,2.1,0.3,0.293,0.5,0.6,0.818,0.8,0.8,1.6,0.4,0.2,0.3,0.3,1.6,1.7,2004,82,230,"UNC",1991,2005,"Not Rookie",1.6,2.3,"C",5,13
"Antawn Jamison","SF",29,"WAS",82,80,40.1,8,18.2,0.442,1.8,4.5,0.394,6.3,13.7,0.458,0.491,2.6,3.6,0.731,2,7.3,9.3,1.9,1.1,0.1,1.7,2.3,20.5,2005,80,223,"UNC",1999,2014,"Not Rookie",10.2,21,"SF",3,6
"Brendan Haywood","C",26,"WAS",79,70,23.8,2.8,5.5,0.514,0,0,0,2.8,5.5,0.514,0.514,1.7,2.8,0.585,2.5,3.4,5.9,0.6,0.4,1.3,1.2,2.9,7.3,2005,84,268,"UNC",2002,2015,"Not Rookie",2.7,11.6,"C",5,3
"Jeff McInnis","SG",31,"BRK",28,1,17.4,2.3,5.1,0.441,0.1,0.6,0.188,2.1,4.5,0.472,0.451,0.7,1,0.69,0.4,1.4,1.8,1.9,0.4,0.1,1,1.3,5.3,2005,76,190,"UNC",1997,2008,"Not Rookie",2.8,5.7,"SG",2,8
"Jerry Stackhouse","SG",31,"DAL",55,11,27.7,4.4,11,0.401,0.7,2.4,0.277,3.7,8.6,0.436,0.431,3.5,4,0.882,0.6,2.2,2.8,2.9,0.7,0.2,2.2,1.7,13,2005,78,218,"UNC",1996,2013,"Not Rookie",6.6,10.8,"SG",2,9
"Rashad McCants","SG",21,"MIN",79,12,17.2,3.1,6.8,0.45,0.8,2.3,0.372,2.2,4.5,0.49,0.513,1,1.3,0.736,0.4,1.4,1.8,0.8,0.6,0.3,1.1,2.2,7.9,2005,76,207,"UNC",2006,2009,"Not Rookie",3.7,6.6,"SG",2,-1
"Rasheed Wallace","PF",31,"DET",80,80,34.8,5.7,13.3,0.43,1.9,5.4,0.357,3.8,7.9,0.48,0.503,1.7,2.3,0.743,1.1,5.7,6.8,2.3,1,1.6,1.1,2.9,15.1,2005,82,225,"UNC",1996,2013,"Not Rookie",7.6,18.1,"PF",4,9
"Sean May","PF",21,"CHO",23,1,17.3,3,7.4,0.409,0,0.2,0,3,7.2,0.422,0.409,2.1,2.8,0.766,1.8,2.9,4.7,1,0.7,0.5,1.4,2.5,8.2,2005,81,266,"UNC",2006,2010,"Not Rookie",4.4,9.3,"PF",4,-1
"Antawn Jamison","PF",30,"WAS",70,70,38,7.3,16.3,0.45,2,5.4,0.364,5.3,10.9,0.492,0.51,3.2,4.4,0.736,1.9,6.1,8,1.9,1.1,0.5,1.5,2.8,19.8,2006,80,223,"UNC",1999,2014,"Not Rookie",9,20.8,"PF",4,7
"Brendan Haywood","C",27,"WAS",77,49,22.6,2.6,4.6,0.558,0,0,0,2.6,4.6,0.558,0.558,1.5,2.7,0.548,2.5,3.7,6.2,0.6,0.4,1.1,1.2,2.7,6.6,2006,84,268,"UNC",2002,2015,"Not Rookie",2,11.7,"C",5,4
"David Noel","PF",22,"MIL",68,0,11.6,1,2.6,0.367,0.3,0.8,0.321,0.7,1.8,0.387,0.415,0.5,0.6,0.86,0.6,1.2,1.8,1,0.4,0.1,0.6,1.1,2.7,2006,78,230,"UNC",2007,2007,"Not Rookie",1.6,3.8,"PF",4,-1
"Jeff McInnis","PG",32,"CHO",38,3,18.5,1.9,4.8,0.392,0,0.2,0.125,1.8,4.6,0.405,0.395,0.6,0.8,0.688,0.4,1.3,1.6,3.3,0.4,0,1.1,1.9,4.3,2006,76,190,"UNC",1997,2008,"Not Rookie",2.9,5.6,"PG",1,9
"Jerry Stackhouse","SF",32,"DAL",67,8,24.1,4.2,9.8,0.428,0.9,2.4,0.383,3.3,7.3,0.443,0.476,2.7,3.2,0.847,0.6,1.6,2.2,2.8,0.8,0.1,1.7,1.2,12,2006,78,218,"UNC",1996,2013,"Not Rookie",5.6,10.6,"SF",3,10
"Rashad McCants","SG",22,"MIN",37,0,15,1.7,4.8,0.35,0.5,2,0.267,1.1,2.8,0.412,0.407,1.1,1.6,0.69,0.4,0.9,1.3,1,0.7,0.2,1.1,1.9,5,2006,76,207,"UNC",2006,2009,"Rookie",3.1,4,"SG",2,0
"Rasheed Wallace","C",32,"DET",75,72,32.3,4.8,11.2,0.423,1.4,3.9,0.351,3.4,7.3,0.463,0.485,1.4,1.8,0.788,1.2,6,7.2,1.7,1,1.6,1.3,3,12.3,2006,82,225,"UNC",1996,2013,"Not Rookie",6.4,16.1,"C",5,10
"Sean May","PF",22,"CHO",35,8,23.9,4.7,9.4,0.5,0.1,0.1,0.667,4.6,9.3,0.498,0.503,2.5,3.2,0.768,2.1,4.6,6.7,1.9,0.5,0.7,1.6,2.9,11.9,2006,81,266,"UNC",2006,2010,"Rookie",4.7,15.4,"PF",4,0
"Shammond Williams","PG",31,"LAL",30,0,11.5,1.2,2.9,0.407,0.7,1.7,0.4,0.5,1.2,0.417,0.523,0.1,0.2,0.667,0.4,1,1.3,1,0.4,0,0.4,0.7,3.1,2006,73,201,"UNC",1999,2007,"Not Rookie",1.7,3.7,"PG",1,7
"Antawn Jamison","PF",31,"WAS",79,79,38.7,7.8,17.9,0.436,1.5,4.5,0.339,6.3,13.5,0.468,0.478,4.2,5.5,0.76,2.7,7.5,10.2,1.5,1.3,0.4,1.4,2.5,21.4,2007,80,223,"UNC",1999,2014,"Not Rookie",10.1,23.3,"PF",4,8
"Brendan Haywood","C",28,"WAS",80,80,27.9,4,7.5,0.528,0,0,0,4,7.5,0.528,0.528,2.7,3.7,0.735,3.4,3.8,7.2,0.9,0.4,1.7,1.4,2.7,10.6,2007,84,268,"UNC",2002,2015,"Not Rookie",3.5,15.9,"C",5,5
"Jeff McInnis","PG",33,"CHO",54,26,26.1,2,4.6,0.434,0.1,0.4,0.158,1.9,4.3,0.457,0.44,0.4,0.6,0.767,0.3,1.5,1.8,4.1,0.4,0.1,1.4,2.2,4.5,2007,76,190,"UNC",1997,2008,"Not Rookie",2.6,6.9,"PG",1,10
"Jerry Stackhouse","SG",33,"DAL",58,13,24.3,3.7,9.1,0.405,1,3.2,0.326,2.6,5.9,0.447,0.462,2.3,2.6,0.892,0.6,1.7,2.3,2.5,0.5,0.2,1.5,1.4,10.7,2007,78,218,"UNC",1996,2013,"Not Rookie",5.4,9.3,"SG",2,11
"Rashad McCants","SG",23,"MIN",75,24,26.9,5.7,12.6,0.453,1.9,4.7,0.407,3.8,7.9,0.481,0.529,1.5,2.1,0.748,0.7,2.1,2.7,2.2,0.9,0.2,2.3,3.1,14.9,2007,76,207,"UNC",2006,2009,"Not Rookie",6.9,11.7,"SG",2,1
"Rasheed Wallace","C",33,"DET",77,76,30.5,4.9,11.3,0.432,1.5,4.1,0.356,3.4,7.2,0.476,0.497,1.5,1.9,0.767,1.1,5.5,6.6,1.8,1.2,1.7,1.1,2.8,12.7,2007,82,225,"UNC",1996,2013,"Not Rookie",6.4,16.5,"C",5,11
"Antawn Jamison","PF",32,"WAS",81,81,38.2,8.3,17.8,0.468,1.4,3.9,0.351,6.9,13.9,0.501,0.507,4.2,5.6,0.754,2.4,6.5,8.9,1.9,1.2,0.3,1.5,2.7,22.2,2008,80,223,"UNC",1999,2014,"Not Rookie",9.5,23.5,"PF",4,9
"Brendan Haywood","C",29,"WAS",6,5,29.2,4,8.3,0.48,0,0,0,4,8.3,0.48,0.48,1.7,3.5,0.476,2.2,5.2,7.3,1.3,0.7,2.5,1.5,2.3,9.7,2008,84,268,"UNC",2002,2015,"Not Rookie",4.3,15.7,"C",5,6
"Jawad Williams","SF",25,"CLE",10,0,2,0.5,1.2,0.417,0.2,0.6,0.333,0.3,0.6,0.5,0.5,0,0,0,0.1,0.1,0.2,0,0.1,0,0.1,0.2,1.2,2008,81,218,"UNC",2009,2011,"Not Rookie",0.7,0.7,"SF",3,-1
"Jerry Stackhouse","SG",34,"DAL",10,1,16.2,1.6,6,0.267,0.3,1.9,0.158,1.3,4.1,0.317,0.292,0.7,0.7,1,0.5,1.2,1.7,1.2,0.4,0.1,0.9,0.6,4.2,2008,78,218,"UNC",1996,2013,"Not Rookie",4.4,2.3,"SG",2,12
"Rashad McCants","SG",24,"TOT",58,3,19,3.3,8.4,0.393,1.1,3.3,0.333,2.2,5.2,0.431,0.458,1.8,2.4,0.759,0.4,1.5,1.9,1.2,0.8,0.2,1.1,1.8,9.6,2008,76,207,"UNC",2006,2009,"Not Rookie",5.1,7.5,"SG",2,2
"Rasheed Wallace","C",34,"DET",66,63,32.2,4.6,10.9,0.419,1.7,4.8,0.354,2.9,6.1,0.471,0.498,1.2,1.5,0.772,0.8,6.6,7.4,1.4,0.9,1.3,0.9,3,12,2008,82,225,"UNC",1996,2013,"Not Rookie",6.3,15.8,"C",5,12
"Sean May","PF",24,"CHO",24,12,12.5,1.6,4.1,0.398,0,0,1,1.6,4,0.392,0.403,0.6,0.8,0.7,0.8,2,2.9,0.4,0.2,0.2,1.1,1.3,3.9,2008,81,266,"UNC",2006,2010,"Not Rookie",2.5,4,"PF",4,2
"Antawn Jamison","PF",33,"TOT",66,64,36.5,7.2,15.7,0.461,1.3,3.7,0.344,6,12,0.498,0.502,2.9,4.5,0.647,2.1,6.3,8.4,1.3,1.1,0.3,1.4,2.7,18.7,2009,80,223,"UNC",1999,2014,"Not Rookie",8.5,19.9,"PF",4,10
"Brendan Haywood","C",30,"TOT",77,67,30.6,3.6,6.4,0.562,0,0,0,3.6,6.4,0.563,0.562,2,3.2,0.62,3.6,5.7,9.3,0.6,0.3,2.1,1.3,2.7,9.1,2009,84,268,"UNC",2002,2015,"Not Rookie",2.8,17.3,"C",5,7
"Jawad Williams","PG",26,"CLE",54,6,13.7,1.5,3.8,0.393,0.6,1.7,0.323,0.9,2.1,0.451,0.466,0.6,0.8,0.711,0.3,1.2,1.5,0.6,0.2,0.1,0.3,1.4,4.1,2009,81,218,"UNC",2009,2011,"Rookie",2.3,3.9,"PG",1,0
"Jerry Stackhouse","SG",35,"MIL",42,0,20.4,3.1,7.5,0.408,1.1,3.1,0.346,2,4.4,0.452,0.479,1.3,1.6,0.797,0.5,1.9,2.4,1.7,0.5,0.2,1.6,1.3,8.5,2009,78,218,"UNC",1996,2013,"Not Rookie",4.4,7.3,"SG",2,13
"Rasheed Wallace","C",35,"BOS",79,13,22.5,3.4,8.2,0.409,1,3.7,0.283,2.3,4.6,0.511,0.472,1.2,1.6,0.768,0.5,3.6,4.1,1,1,0.9,0.8,2.8,9,2009,82,225,"UNC",1996,2013,"Not Rookie",4.8,10.4,"C",5,13
"Sean May","C",25,"SAC",37,4,8.9,1.4,3,0.459,0,0.1,0,1.4,2.9,0.477,0.459,0.6,0.9,0.656,0.5,1.4,1.9,0.5,0.3,0.2,0.5,1.2,3.3,2009,81,266,"UNC",2006,2010,"Not Rookie",1.6,4.1,"C",5,3
"Tyler Hansbrough","PF",24,"IND",29,1,17.6,2.8,7.8,0.36,0,0.1,0,2.8,7.6,0.367,0.36,2.9,3.9,0.743,2.1,2.7,4.8,1,0.6,0.3,0.7,2.4,8.5,2009,81,250,"UNC",2010,2016,"Not Rookie",5,9.5,"PF",4,-1
"Antawn Jamison","PF",34,"CLE",56,38,32.9,6.7,15.6,0.427,1.6,4.7,0.346,5.1,10.9,0.462,0.479,3.1,4.2,0.731,1.5,5.2,6.7,1.7,0.9,0.5,1.4,2.4,18,2010,80,223,"UNC",1999,2014,"Not Rookie",8.9,17.5,"PF",4,11
"Brendan Haywood","C",31,"DAL",72,8,18.5,1.8,3.1,0.574,0,0,0,1.8,3.1,0.577,0.574,0.9,2.5,0.362,1.8,3.4,5.2,0.3,0.2,1,0.7,2,4.4,2010,84,268,"UNC",2002,2015,"Not Rookie",1.3,9.1,"C",5,8
"Jawad Williams","SF",27,"CLE",26,1,15,1.6,4.8,0.325,0.5,1.7,0.289,1.1,3.1,0.346,0.377,0.3,0.5,0.75,0.3,1.6,1.8,0.8,0.3,0.1,0.6,1.3,4,2010,81,218,"UNC",2009,2011,"Not Rookie",3.2,3.2,"SF",3,1
"Jerry Stackhouse","SG",36,"MIA",7,1,7.1,0.4,1.7,0.25,0.1,0.6,0.25,0.3,1.1,0.25,0.292,0.7,1,0.714,0.1,0.9,1,0.4,0,0.3,0.3,0.4,1.7,2010,78,218,"UNC",1996,2013,"Not Rookie",1.3,1.8,"SG",2,14
"Tyler Hansbrough","PF",25,"IND",70,29,21.9,4.1,8.8,0.465,0,0,0,4.1,8.7,0.466,0.465,2.8,3.6,0.779,2.1,3.2,5.2,0.6,0.5,0.2,1.1,2.3,11,2010,81,250,"UNC",2010,2016,"Rookie",4.7,11.7,"PF",4,0
"Antawn Jamison","PF",35,"CLE",65,65,33.1,6.5,16.1,0.403,1.4,4.1,0.341,5.1,12,0.425,0.447,2.8,4.2,0.683,1.9,4.4,6.3,2,0.8,0.7,1.4,2.5,17.2,2011,80,223,"UNC",1999,2014,"Not Rookie",9.6,16,"PF",4,12
"Brendan Haywood","C",32,"DAL",54,54,21.2,2.2,4.2,0.518,0,0,0,2.2,4.2,0.518,0.518,0.8,1.8,0.469,2.6,3.4,6,0.4,0.4,1,0.9,2.2,5.2,2011,84,268,"UNC",2002,2015,"Not Rookie",2,10.1,"C",5,9
"Jerry Stackhouse","SF",37,"ATL",30,0,9.1,1.2,3.3,0.37,0.4,1.3,0.342,0.8,2.1,0.387,0.435,0.7,0.8,0.913,0.2,0.6,0.8,0.5,0.3,0.1,0.4,0.4,3.6,2011,78,218,"UNC",1996,2013,"Not Rookie",2.1,2.8,"SF",3,15
"Tyler Hansbrough","PF",26,"IND",66,0,21.8,2.9,7.3,0.405,0,0,0,2.9,7.2,0.406,0.405,3.4,4.2,0.813,1.7,2.7,4.4,0.5,0.8,0.1,1,2.4,9.3,2011,81,250,"UNC",2010,2016,"Not Rookie",4.4,9.7,"PF",4,1
"Antawn Jamison","PF",36,"LAL",76,6,21.5,3.5,7.6,0.464,1.1,3.1,0.361,2.4,4.5,0.535,0.537,1.2,1.8,0.691,1.4,3.3,4.8,0.7,0.4,0.3,0.7,1.6,9.4,2012,80,223,"UNC",1999,2014,"Not Rookie",4.1,10.8,"PF",4,13
"Brendan Haywood","C",33,"CHO",61,17,19,1.5,3.5,0.431,0,0,0,1.5,3.5,0.433,0.431,0.5,1.1,0.455,2,2.7,4.8,0.5,0.3,0.8,0.8,2,3.5,2012,84,268,"UNC",2002,2015,"Not Rookie",2,7.1,"C",5,10
"Jerry Stackhouse","SF",38,"BRK",37,0,14.7,1.8,4.6,0.384,0.8,2.4,0.337,1,2.2,0.434,0.471,0.5,0.6,0.87,0.1,0.8,0.9,0.9,0.2,0.1,0.6,0.8,4.9,2012,78,218,"UNC",1996,2013,"Not Rookie",2.8,3.6,"SF",3,16
"Kendall Marshall","PG",21,"PHO",48,3,14.6,1.2,3.1,0.371,0.5,1.5,0.315,0.7,1.6,0.423,0.447,0.2,0.3,0.571,0.1,0.8,0.9,3,0.5,0.1,1.2,1,3,2012,76,200,"UNC",2013,2016,"Not Rookie",1.9,4.4,"PG",1,-1
"Rasheed Wallace","C",38,"NYK",21,0,14.1,2.6,6.8,0.387,1,3.3,0.319,1.6,3.5,0.452,0.465,0.7,1,0.7,0.5,3.4,4,0.3,0.6,0.7,0.5,1.9,7,2012,82,225,"UNC",1996,2013,"Not Rookie",4.2,7.9,"C",5,16
"Tyler Hansbrough","PF",27,"IND",81,8,16.9,2.2,5,0.432,0,0,0,2.2,5,0.436,0.432,2.7,3.7,0.72,2,2.6,4.6,0.4,0.4,0.2,1,1.9,7,2012,81,250,"UNC",2010,2016,"Not Rookie",2.8,8.8,"PF",4,2
"Antawn Jamison","PF",37,"LAC",22,0,11.3,1.3,4.2,0.315,0.4,1.9,0.195,1,2.3,0.412,0.359,0.8,1.1,0.72,0.4,2.1,2.5,0.3,0.4,0.1,0.3,1.3,3.8,2013,80,223,"UNC",1999,2014,"Not Rookie",2.9,3.9,"PF",4,14
"Kendall Marshall","PG",22,"LAL",54,45,29,3.1,7.8,0.406,1.3,3.3,0.399,1.8,4.5,0.411,0.49,0.4,0.7,0.528,0.3,2.6,2.9,8.8,0.9,0.1,2.8,1.4,8,2013,76,200,"UNC",2013,2016,"Rookie",4.7,13.2,"PG",1,0
"Tyler Hansbrough","PF",28,"TOR",64,4,15.3,1.5,3.1,0.474,0,0,0,1.5,3,0.479,0.474,2,2.9,0.681,1.9,2.6,4.5,0.3,0.4,0.3,0.7,2.1,4.9,2013,81,250,"UNC",2010,2016,"Not Rookie",1.6,8.1,"PF",4,3
"Brendan Haywood","C",35,"CLE",22,1,5.4,0.6,1.4,0.467,0,0,0,0.6,1.4,0.467,0.467,0.3,0.6,0.538,0.3,1,1.3,0.1,0.1,0.5,0.5,0.8,1.6,2014,84,268,"UNC",2002,2015,"Not Rookie",0.8,2.3,"C",5,12
"Kendall Marshall","PG",23,"MIL",28,3,14.9,1.6,3.6,0.455,0.6,1.6,0.391,1,2,0.509,0.545,0.3,0.3,0.889,0.1,0.9,1,3.1,0.8,0,1.3,0.9,4.2,2014,76,200,"UNC",2013,2016,"Not Rookie",2,5.8,"PG",1,1
"P.J. Hairston","SG",22,"CHO",45,2,15.3,1.9,6,0.323,1.1,3.6,0.301,0.8,2.4,0.358,0.414,0.7,0.8,0.861,0.5,1.6,2,0.5,0.5,0.3,0.5,1.4,5.6,2014,78,230,"UNC",2015,2016,"Not Rookie",4.1,4.3,"SG",2,-1
"Tyler Hansbrough","PF",29,"TOR",74,8,14.3,1.2,2.2,0.521,0,0.1,0.143,1.1,2.1,0.538,0.524,1.3,1.9,0.698,1.4,2.1,3.6,0.3,0.4,0.2,0.3,1.9,3.6,2014,81,250,"UNC",2010,2016,"Not Rookie",1,6.8,"PF",4,4
"Kendall Marshall","PG",24,"PHI",30,6,13.3,1.4,3.9,0.364,0.5,1.6,0.327,0.9,2.3,0.391,0.432,0.3,0.4,0.692,0.1,0.9,0.9,2.4,0.5,0.1,1.4,1,3.7,2015,76,200,"UNC",2013,2016,"Not Rookie",2.5,3.7,"PG",1,2
"P.J. Hairston","SF",23,"TOT",66,52,19.9,2.2,6.2,0.355,1.1,3.7,0.29,1.1,2.5,0.449,0.441,0.8,1,0.781,0.4,2.3,2.6,0.6,0.5,0.2,0.6,2.1,6.2,2015,78,230,"UNC",2015,2016,"Rookie",4,5.5,"SF",3,0
"Tyler Hansbrough","PF",30,"CHO",44,0,7.8,0.7,1.6,0.451,0,0.1,0.667,0.7,1.5,0.441,0.465,0.9,1.5,0.585,0.9,1.1,2,0.2,0.3,0.2,0.3,1.3,2.4,2015,81,250,"UNC",2010,2016,"Not Rookie",0.9,3.9,"PF",4,5
